id,Url,PostingTime,UserFullName,UserProfileUrl,PhoneNumber,PostText
0,https://www.facebook.com/groups/1275668636117625/permalink/2037103636640784/,2023-08-18T10:50:20.000Z,أبو أسيد,https://www.facebook.com/amer.shawi.792,0658563521,متوفر ثوم مقشر بأسعار معقولة مع خدمة التوصيل 58  ولاية التواصل معنا 0658563521
1,https://www.facebook.com/groups/1275668636117625/permalink/2028982550786226/,2023-08-05T08:28:55.000Z,Massoud Massoud,https://www.facebook.com/massoud.massoud.9849,0774951770,كاين سلعة ثوم روزي خشينة فلمدية المهتم يتصل 0774951770
2,https://www.facebook.com/groups/1275668636117625/permalink/2026587211025760/,2023-07-31T05:45:28.000Z,Imed Hch,https://www.facebook.com/imedrayane.harrache,0542312335,"قطار و ربع فلفلة حلوة 
وهران حاسي بن عقبة
البيع بلوك فقط 
0542312335"
4,https://www.facebook.com/groups/1275668636117625/permalink/2026589531025528/,2023-07-31T05:45:21.000Z,ﻋﺒﺪ ﺍﻟﻜﺮﻳﻢ محفوظ,https://www.facebook.com/people/%EF%BB%8B%EF%BA%92%EF%BA%AA-%EF%BA%8D%EF%BB%9F%EF%BB%9C%EF%BA%AE%EF%BB%B3%EF%BB%A2-%D9%85%D8%AD%D9%81%D9%88%D8%B8/pfbid0D8pmCHGHETBbYthwEZSpi2RrcbeU91hMKaMHu1HwGQt4mw6syqQZXBoFzWUYiwS5l/,0669699823,ثوم احمر للبيع  0669699823
5,https://www.facebook.com/groups/1275668636117625/permalink/2025193114498503/,2023-07-30T19:50:52.000Z,Youcef Oran,https://www.facebook.com/kader.soussi.12,0795818121,كاين 120 كرطونة راها في وهران 0795818121
6,https://www.facebook.com/groups/1275668636117625/permalink/2025749314442883/,2023-07-30T19:49:58.000Z,Samir Samir,https://www.facebook.com/people/Samir-Samir/pfbid0eyjUBu136xYuc7dZtnn7Q2TG3ErmoHGXBAhYjEerwvGe9WhwRP92ous4zLvFtrYzl/,0791392651,"#غلة #رمان للبيع 
المكان #بسكرة 
رقم الهاتف:0791392651"
7,https://www.facebook.com/groups/1275668636117625/permalink/2025920007759147/,2023-07-30T19:49:46.000Z,رضوان صحوري,https://www.facebook.com/roudwan.sahouri,0549426904,السلام عليكم عنب فيكتوريا سلعة ماشاء الله من جنان تشرجي مباشرة مرحبا بيكم مهتم يتصل 0549426904 واد سفيون بلعباس
11,https://www.facebook.com/groups/1275668636117625/permalink/2017778391906642/,2023-07-28T06:02:30.000Z,Mustapha Mouheb,https://www.facebook.com/mustapha.mouheb.37,0542478846,سلام كاين 850سلةمستعملة مرة واحدة جديدة 0542478846 شلف
12,https://www.facebook.com/groups/1275668636117625/permalink/2019523245065490/,2023-07-28T05:59:51.000Z,Re Kab,https://www.facebook.com/people/Re-Kab/pfbid02GkwhgE7bpcdv5AYF16VgSPGjTCgBqB2emCGGVKunufufhTNKXoMWRZP2vkiej8Erl/,0698274312,"سلام يوجد ثوم فراك لبيع حوالي 30 قنطار مكان تلاغمة 43 
0698274312"
15,https://www.facebook.com/groups/1275668636117625/permalink/2015514212133060/,2023-07-12T23:29:11.000Z,Abdou Aljbr,https://www.facebook.com/abdou.aljbr,0782834596,كاين طماطم نتاع لوزين لي يحب يشارجي 0782834596
16,https://www.facebook.com/groups/1275668636117625/permalink/2013911052293376/,2023-07-10T08:28:46.000Z,Issam Issam,https://www.facebook.com/people/Issam-Issam/pfbid02XGWv8kTn1172yzQQ2b8Pb7L4iQ7aXJ8zPRanh1vUvKKDX1EFkbe2tuRQa34hKhJFl/,0669226026,"السلام عليكم 
يوجد ڨورجات من أراد ناحية وهران مرحبا ب الجميع 0669226026"
17,https://www.facebook.com/groups/1275668636117625/permalink/2011794542505027/,2023-07-06T17:27:19.000Z,سوق الجملة للخضر والفواكه بوفاريك الكليتوس رافيقو حطاطبة,https://www.facebook.com/people/%D8%B3%D9%88%D9%82-%D8%A7%D9%84%D8%AC%D9%85%D9%84%D8%A9-%D9%84%D9%84%D8%AE%D8%B6%D8%B1-%D9%88%D8%A7%D9%84%D9%81%D9%88%D8%A7%D9%83%D9%87-%D8%A8%D9%88%D9%81%D8%A7%D8%B1%D9%8A%D9%83-%D8%A7%D9%84%D9%83%D9%84%D9%8A%D8%AA%D9%88%D8%B3-%D8%B1%D8%A7%D9%81%D9%8A%D9%82%D9%88-%D8%AD%D8%B7%D8%A7%D8%B7%D8%A8%D8%A9/100094324989497/,0662500654,"شكون عندو بطاطا القصبية 
لوحدة تتوحم من ولاية تلمسان  بارك الله فيكم 
0662500654"
18,https://www.facebook.com/groups/1275668636117625/permalink/2011512612533220/,2023-07-06T08:19:35.000Z,سوق الجملة للخضر والفواكه بوفاريك الكليتوس رافيقو حطاطبة,https://www.facebook.com/people/%D8%B3%D9%88%D9%82-%D8%A7%D9%84%D8%AC%D9%85%D9%84%D8%A9-%D9%84%D9%84%D8%AE%D8%B6%D8%B1-%D9%88%D8%A7%D9%84%D9%81%D9%88%D8%A7%D9%83%D9%87-%D8%A8%D9%88%D9%81%D8%A7%D8%B1%D9%8A%D9%83-%D8%A7%D9%84%D9%83%D9%84%D9%8A%D8%AA%D9%88%D8%B3-%D8%B1%D8%A7%D9%81%D9%8A%D9%82%D9%88-%D8%AD%D8%B7%D8%A7%D8%B7%D8%A8%D8%A9/100094324989497/,0668356770,"@tout le monde.                { سوق تيغنيف}
 خضر🧅🍅 وفواكه🍓🍉🍌🍑 للمتوحمات اي حاجة تحوس عليها راها عندنا نبعثو لكل الولايات بالمجان مرحبا 58ولاية 
0668356770"
19,https://www.facebook.com/groups/1275668636117625/permalink/2010124402672041/,2023-07-04T10:36:06.000Z,فارس احلامك,https://www.facebook.com/people/%D9%81%D8%A7%D8%B1%D8%B3-%D8%A7%D8%AD%D9%84%D8%A7%D9%85%D9%83/pfbid0qGM8T57pnkQno71peWUagVSaDGgjCa9KxgUmfPcj4DPaztass7mDzWNt3wjxaxabl/,0672835062,"عندي كاميو جديد نخدم طرنصبور 
0672835062"
20,https://www.facebook.com/groups/1275668636117625/permalink/2010096529341495/,2023-07-04T09:30:11.000Z,سوق الجملة للخضر والفواكه بوفاريك الكليتوس رافيقو حطاطبة,https://www.facebook.com/people/%D8%B3%D9%88%D9%82-%D8%A7%D9%84%D8%AC%D9%85%D9%84%D8%A9-%D9%84%D9%84%D8%AE%D8%B6%D8%B1-%D9%88%D8%A7%D9%84%D9%81%D9%88%D8%A7%D9%83%D9%87-%D8%A8%D9%88%D9%81%D8%A7%D8%B1%D9%8A%D9%83-%D8%A7%D9%84%D9%83%D9%84%D9%8A%D8%AA%D9%88%D8%B3-%D8%B1%D8%A7%D9%81%D9%8A%D9%82%D9%88-%D8%AD%D8%B7%D8%A7%D8%B7%D8%A8%D8%A9/100094324989497/,0663150956,1 قطار من البصل  واجدة للبيع لمن يهمه الامر يتصل على الرقم 0663150956
21,https://www.facebook.com/groups/1275668636117625/permalink/2008329416184873/,2023-07-01T16:50:55.000Z,Lalibrti Lalibrti,https://www.facebook.com/lalibrti.lalibrti,0772124072,سلعا فوووور تاع طوابل 0772124072 وهران
22,https://www.facebook.com/groups/1275668636117625/permalink/2005854733099008/,2023-06-27T20:16:01.000Z,سيد احمد,https://www.facebook.com/people/%D8%B3%D9%8A%D8%AF-%D8%A7%D8%AD%D9%85%D8%AF/pfbid0uCvafFn7s6KVFdvdfu83nAk7hYjhKv42XWaZCDqw7XDUb3SYYXbb923DU1fWdCXNl/,0659726515,"#اقبل يافاعل الخير 
  نطلب من محسنين بتبرع لنا بي مكيف هواء لمسجد بي مستغانم والله لا يضيع اجر محسنين  رقم الهاتف  0659726515"
23,https://www.facebook.com/groups/1275668636117625/permalink/2005765986441216/,2023-06-27T16:50:42.000Z,ريان ريان,https://www.facebook.com/people/%D8%B1%D9%8A%D8%A7%D9%86-%D8%B1%D9%8A%D8%A7%D9%86/pfbid02LjbUj2UWhdtiAkA7SUpmfZBVXGMRQCEBosMCbZ66gnr47MLvNAPHQ1D5kkdGyam2l/,0792032735,ابحث على عمل لجات نخدمها 0792032735
24,https://www.facebook.com/groups/1275668636117625/permalink/2004459826571832/,2023-06-25T14:30:14.000Z,Samir Djebaili,https://www.facebook.com/djebailiyoucef,0770222223,"يعلن مجمع الحاج بلة للتخزين و التبريد عن غرف تبريد للكراء  مهياة بأحدث التجهيزات بحجم 360 م3 للغرفة الواحدة . للمهتمين الاتصال على الرقم:0770222223
ام البواقي"
26,https://www.facebook.com/groups/1275668636117625/permalink/2001973823487099/,2023-06-21T09:27:14.000Z,Mahmoud Menai,https://www.facebook.com/mahmoud.menai.9,0667666182,2كوش للبيع مع التوصيل 0667666182 0556707280
27,https://www.facebook.com/groups/1275668636117625/permalink/2001731790177969/,2023-06-20T21:46:41.000Z,Mohammed Nadjib Lrb,https://www.facebook.com/people/Mohammed-Nadjib-Lrb/pfbid0xV4Q86mk9ydPRKdVKmrfBe8KnYxty6hYGDmgA5WT5z63zx7MQN1xxSpmALtNVnhPl/,0666312111,"السلام عليكم مرحبا هنا تتوافر خدمة تقطيع اللحم بمناسبة عيد الأضحى المبارك لطلب الخدمة يرجى الإتصال على الرقم التالي 0666312111 سيدي بلعباس 
نجوك حتى للدار متشقيش روحك"
28,https://www.facebook.com/groups/1275668636117625/permalink/2001370223547459/,2023-06-20T07:08:00.000Z,عباس علال,https://www.facebook.com/people/%D8%B9%D8%A8%D8%A7%D8%B3-%D8%B9%D9%84%D8%A7%D9%84/pfbid0cAMXWhvCGJYim3bK2Ps27MTbF3n4roQRe1LJPc83f473PX8pdWE5v1JENc38zzjMl/,0671840574,قرع تونسي لاي استفسار 0671840574
31,https://www.facebook.com/groups/1275668636117625/permalink/1999648933719588/,2023-06-17T07:30:47.000Z,Mustafa  Mustafa,https://www.facebook.com/people/Mustafa-Mustafa/pfbid0MJU9rVBwQqUoQBrFvX4hUzrH2RKz6gfB9Cik1xoiNJzDg9hmSwPQaKYUcEbg66Yhl/,0673926952,"خويا راها مفقود الي شفه يعيط 0673926952
برطجوه  في القربة اللله  يرحم الوليدن"
32,https://www.facebook.com/groups/1275668636117625/permalink/1998805487137266/,2023-06-16T00:32:07.000Z,Ziani Mrabate Belguendouz,https://www.facebook.com/mokhtar.belguendouz,0795717240,مرحبا لبغي يشرجي 0795717240
33,https://www.facebook.com/groups/1275668636117625/permalink/1995852120765936/,2023-06-11T16:43:38.000Z,Sayfi Sami Sisz,,0676569411,كاين كانطالو لبيض لي باغي يشارجيه سلعه مخشنه ولحلاوه سكر 0676569411 السلعه مشي كاريال الابيض
34,https://www.facebook.com/groups/1275668636117625/permalink/1995346264149855/,2023-06-10T23:33:46.000Z,الفلاح الفلاح الفلاح,https://www.facebook.com/people/%D8%A7%D9%84%D9%81%D9%84%D8%A7%D8%AD-%D8%A7%D9%84%D9%81%D9%84%D8%A7%D8%AD-%D8%A7%D9%84%D9%81%D9%84%D8%A7%D8%AD/pfbid0sXBV3sHpySxgyG9uVqXbuMWPsF3AyYvtibd7uA9VHpQbArW6bjKM1Q56P2mjv6PHl/,0775202103,"بيع خوخ بوطبقة بالجملة بمدينة عنابة 
1 كوش ...
2 كوش ...
للإستفسار أكثر يمكنكم الإتصال على 0775202103"
36,https://www.facebook.com/groups/1275668636117625/permalink/1994104877607327/,2023-06-09T10:57:37.000Z,Moad WH,https://www.facebook.com/cosmetique.wari,0780607496,"عندي شكارة تاع خيشة كمية كبيرة  
0780607496"
38,https://www.facebook.com/groups/1275668636117625/permalink/1991659811185167/,2023-06-05T18:46:48.000Z,Mohammed Khaddache,https://www.facebook.com/people/Mohammed-Khaddache/pfbid0MhQJop3WXfkYsxRUBevBb1YrCsVBMr5VwJAF1t2gex42wZ4yZqw7TFBWRqfgWPaTl/,0793990579,0793990579
39,https://www.facebook.com/groups/1275668636117625/permalink/1991458027872012/,2023-06-05T12:36:39.000Z,Mohàmèd Hàrchàoui,https://www.facebook.com/rani.hmdoulah,0794949458,"نقل عمومي للبضائع على مستوى ولايات الغرب مرحبا بالجميع لمن يهمه الامر 
0794949458 
0676237046"
40,https://www.facebook.com/groups/1275668636117625/permalink/1990881464596335/,2023-06-04T14:25:22.000Z,Walid Bekhiche,https://www.facebook.com/people/Walid-Bekhiche/pfbid02xR1yVNwvNpdQ3ypEtNUWxDAMx8Pjx9dgnqeowEX3bfeZsS2eGRikjq5XS4SPZQp2l/,0697282003,فرن كوشة بكل أنواعها وألوانيها للخبز ومشتقاته لمن يهمه أمر يتصل 0697282003
41,https://www.facebook.com/groups/1275668636117625/permalink/1990423531308795/,2023-06-03T21:43:08.000Z,Méhabli Hamza,https://www.facebook.com/mehabli.hamza.9,0559837748,كيسات للبيع قلاصي 18 -22 حاجة صوليد يساعد  لنكتارين 🍑 او تفاح 🍏🍎سومة ارض ارض💥💥 اقل سومة من محلات كاين 12 كرطونة فيها 900 ورقة او اكثر📞📞☎️0559837748📱📞
42,https://www.facebook.com/groups/1275668636117625/permalink/1990391567978658/,2023-06-03T20:16:38.000Z,Abdø Abdø,https://www.facebook.com/people/Abd%C3%B8-Abd%C3%B8/pfbid02M3qGDdsmu1DFnrjiLYTHfPgfFup9XsFuBd18rWh7Hu5HznQJAkPeFaySPFLQLQ6Cl/,0792866902,"مرحبا بيكم سومة وسلعة الله يبارك 
حاجة خشينة 
0792866902
سيرات"
44,https://www.facebook.com/groups/1275668636117625/permalink/1990154208002394/,2023-06-03T11:55:25.000Z,Mohamed Behih,https://www.facebook.com/diskar.barcelon,0674295386,للبيع ليجان مباقين 2.5 عندهم 12يوم 0674295386
45,https://www.facebook.com/groups/1275668636117625/permalink/1989005514783930/,2023-06-01T15:02:54.000Z,Lioua Lioua,https://www.facebook.com/people/Lioua-Lioua/pfbid0WRoxJpPZDc8uq5tuBAPRWSQWEhY1gUopCyS6dve7UkjYG7dXuN5dqmTn4asezpCrl/,0784461307,"نجيبلكم غير مفقود 😁

اونسومبل لكوست😍 غني عن التعريف 

بيع بالجملة فقط ✅
أقل كمية 2 سيري ✅
سيري 5 حبات ✅

متوفر توصيل 🚚 إلى جميع ولايات دفع عند الاستلام شدمد 

الهاتف 0784461307☎️"
47,https://www.facebook.com/groups/1275668636117625/permalink/1988122414872240/,2023-05-31T06:22:46.000Z,رضوان رضوان,https://www.facebook.com/people/%D8%B1%D8%B6%D9%88%D8%A7%D9%86-%D8%B1%D8%B6%D9%88%D8%A7%D9%86/pfbid02J8zdqYhJUbWaA3B8BM83NjpqjdSo2Kp59Mj8EVbp1hu6h4axEsLJP6ZGyPwSPxDrl/,0672507813,"ڨوتاڨوت للبيع كاين 
قطارات مستغانم 
0672507813"
48,https://www.facebook.com/groups/1275668636117625/permalink/1987663424918139/,2023-05-30T13:05:38.000Z,Fekhar Idris,https://www.facebook.com/looklookmosalaha,0561000199,دلاع بارا سكر واجد في غرداية حوالي 120 قنطار - مرحبا بيك على الخاص او الهاتف 0561000199
49,https://www.facebook.com/groups/1275668636117625/permalink/1986559685028513/,2023-05-28T17:42:18.000Z,Mahdid Aissa,https://www.facebook.com/people/Mahdid-Aissa/pfbid0qYjFsUL23TstCiKGNESgUSZEPcqtnfxKBGSbqvh5KdKZZz4Si6hvRS8FrxU55PAql/,0790953303,"__❄_❄_ صناعة ابواب غرف التبريد

ابواب غرف التبريد بشتى انواعها و التي تتميز بجودتها العالية والعالمية .
 , كما نضمن لكم كفاءتها الدائمة 💪💪💪💪G.N.F

☎️0790953303//
☎️0699458519//
☎️0660080149."
50,https://www.facebook.com/groups/1275668636117625/permalink/1986480765036405/,2023-05-28T14:57:17.000Z,Med Mohmed,https://www.facebook.com/people/Med-Mohmed/pfbid02bfrF8b2rXXHv7aAKSTiEdGMUUWA8y19QDtFzzWTJFcqoV1REbrEmTB77n7mK5qzFl/,0556123638,"سلام عليكم 
خصني واحد فلاح يجي يسكن عندي 
منها عساس ومنها ساكن للاستفسار.  0556123638 يكون متزوج. قديل وهران"
51,https://www.facebook.com/groups/1275668636117625/permalink/1986368528380962/,2023-05-28T11:06:41.000Z,Ďł Đî,https://www.facebook.com/people/%C4%8E%C5%82-%C4%90%C3%AE/pfbid028eaLW6qBVk89Hq7i64VLjiHW33N6MC4BHDuZXfJThTtri6pLtcta2zG6Nvjxw7Val/,0666531445,حفر الآبار مياه روطاري متوسطة الحجم تستطيع حفر في الأماكن ضيقة عمق 200 مترا ويجب توفير رخصة الحفر ولاية معنية الجزائر العاصمة و تبازة و لبليدة و غليزان و مستغانم لمن يهمه الأمر يتصل  0666531445
52,https://www.facebook.com/groups/1275668636117625/permalink/1986063851744763/,2022-12-25T16:35:56.000Z,مقدم جليخي,https://www.facebook.com/djameldjelikhi,0799884774,"مؤسسة الوطن في تصنيع  الاثاث و التجهيزات المدرسية بجميع اصنافه : طاولات مدرسية بجميع انواعها ذات مقعد و مقعدين - كراسي - مكتب الاستاذ - سبورات - طاولات المطاعم المدرسية - و غيرها من اللواحق . 
Fabrication de mobilier scolaire
- BUREAU PROFESSEUR SCOLAIRE
- CHAISE PROFESSEUR SCOLAIRE AVEC ACCOUDOIR
- ARMOIRE 02 PORTES SCOLAIRE
- PORTES MANTEAU MURALE : 02 TÈTES ET 05 TÈTES
- TABLE SCOLAIRE 02 PLACES NORMAL ET FORMICA
- TABLES SOLAIRE MONO PLACE
- TABLE RÉFECTOIRE 06 ET 08 PLACES ..... ETC

التصنيع يتم بمواد ذات جودة عالية و في وقت قياسي و الاسعار جد مناسبة حسب الكميات المطلوبة
لمزيد من المعلومات يرجى التواصل معنا عبر بريد الصفحة او عبر الهاتف https://m.facebook.com/story.php?story_fbid=201076532444611&id=100076267951958&mibextid=Nif5oz: 

0799884774"
53,https://www.facebook.com/groups/1275668636117625/permalink/1985968831754265/,2023-05-27T19:25:12.000Z,Aminedz Mosta,https://www.facebook.com/amine.dzarsa.9,0666911937,"بسم الله 🤲🤲 ما شاء الله 🤲🤲 
✅ تريكو تاع كول نوعية شابة بزاااف 😍😍 سلعة تاع ترك 🇹🇷
💢 المقاسات : S/M/L/XL/2XL
⭐ السعر : 150 ألف 🔥🔥
⭐ الهاتف : 0666911937
⭐ المحل في مونادور مستغانم قريب من المتوسطة و الموقع تاعنا موجود على ڨوقل ماب يجيبك حتى عندي 
https://maps.app.goo.gl/MNt4c1Hr3XuZQfK37"
54,https://www.facebook.com/groups/1275668636117625/permalink/1985350775149404/,2023-05-26T20:43:44.000Z,Olive Zitoun,https://www.facebook.com/people/Olive-Zitoun/pfbid02b9P1L3TjWdZ9YiQapLfAdQLZtC4gc2TybLTgSdxzY1dMc3EJgSfoV53n58Np8uKpl/,0559020709,"كاين خط إنتاج الخضر والفاكهة المجففة (آلة الغسيل + آلة تقطيع + سشوار+ آلة سحب الهواء)جديد غير مستعمل
الرقم : 0559020709"
55,https://www.facebook.com/groups/1275668636117625/permalink/1985067145177767/,2023-05-26T09:58:07.000Z,Fares Qid,https://www.facebook.com/people/Fares-Qid/pfbid0v7ZfAwZVLjDQXZx3wcJkTP3vVqf4JomS9964ZpVUmDQHJPrht6JXomBzJXXs49i8l/,0663984038,مسكن للبيع بي ولاية معسكر بي بلدية مامونية  بي قرية سيدي دحو.... مسكن جاهز طابق الاول و وطابق ثاني و سطح كامل مساحة 140م يقع قريب من مدرسة و فرع بلدية و قاعة علاج.. مسكن جاهز 100%....0663984038
56,https://www.facebook.com/groups/1275668636117625/permalink/1985032208514594/,2023-05-26T08:46:13.000Z,Yasin Mit,https://www.facebook.com/yasin.mostach.5,0657843473,خصني تيوات فلاحة 127ولا102تاع البرج 0657843473
59,https://www.facebook.com/groups/1275668636117625/permalink/1983844105300071/,2023-05-24T10:14:47.000Z,Aouadj Fauaz,https://www.facebook.com/people/Aouadj-Fauaz/pfbid0rRWesiHDjfpqpSPavbKv1jwb6VbCBWUswZ7Y4YijX3wQVFiriHXsBhW8mqAGP49al/,0551711962,قطع أراضي صالحة للبناء ضواحي سيدي عكاشة شلف 50مليون للأر عقد دفتر عقاري 0551711962
60,https://www.facebook.com/groups/1275668636117625/permalink/1983254998692315/,2023-05-23T11:33:43.000Z,Wahab Oulmi,https://www.facebook.com/people/Wahab-Oulmi/pfbid02rNTEgpFNJs4L7sbVUXPxmAwo61Q6FhuKrjjuWMLw2VgD66ad64EtVJH7cUUyTnWcl/,0776054989,"للبيع زريعة البطاطا نوع ديزيري الحمرأ البلد دنيمارك 
نوعية والجودة 40 دج للكيلو من القنطار الي 1000 
 0776054989"
61,https://www.facebook.com/groups/1275668636117625/permalink/1983180998699715/,2023-05-23T08:37:06.000Z,Qualité Prix,,0667200093,"السلام عليكم
دخول تيندا 3/3 3/2 4.5/3
بأفضل سعر والباش وحدو متوفر
العاصمة وكاين توصيل
0667200093"
62,https://www.facebook.com/groups/1275668636117625/permalink/1982007532150395/,2023-05-21T13:13:03.000Z,Iyad Iyad,,0770286985,سلام عليكم كاين ارض 1هكتار فيها مذبح الدواجن ومسكن للبيع 0770286985
63,https://www.facebook.com/groups/1275668636117625/permalink/1980781082273040/,2023-05-19T20:52:40.000Z,Taha Zaoui,https://www.facebook.com/taha.zaoui.92,0667442309,"Nimiro tiliphon :0667442309
A vender"
65,https://www.facebook.com/groups/1275668636117625/permalink/1978744982476650/,2023-05-16T13:41:15.000Z,Kader Sba,https://www.facebook.com/kadar.sba.7549,0666855814,سلام عليكم راها كاينا حوالي50قنطار بطاطا حمرا زيريعا مرحبا لمهتم يعيط في رقم 0666855814
66,https://www.facebook.com/groups/1275668636117625/permalink/1978313552519793/,2023-05-15T18:44:59.000Z,Larbi Hkm,https://www.facebook.com/larbi.hkm,0696209384,0696209384
67,https://www.facebook.com/groups/1275668636117625/permalink/1977781672572981/,2023-05-14T20:36:11.000Z,عبد الجواد,https://www.facebook.com/people/%D8%B9%D8%A8%D8%AF-%D8%A7%D9%84%D8%AC%D9%88%D8%A7%D8%AF/pfbid037KugJc7EM7Dkf6SBknasi2eyfY2eWmpTCgxANReczmWmhL6t1uTZJnxNj1C8aHFdl/,0771705838,"#وهران
نشري بلاستيك سيلوفان وبوشيطة تاع الماء وليمونات
وصاك ماتيار في ولاية وهران اللي عنده يتواصل معي في الخاص او الهاتف 
 
0771705838"
68,https://www.facebook.com/groups/1275668636117625/permalink/1976328172718331/,2023-05-12T15:09:39.000Z,Nabil Bbaba,https://www.facebook.com/nabil.bbaba,0778318510,"غلة نتاع جنان 4000 شجرة كان باش بلا ونكتارين البيع فوق زوج ملاير لي مهتم يتواصل معيا لي يتمسخر غير مكلاه 
0778318510"
69,https://www.facebook.com/groups/1275668636117625/permalink/1975703419447473/,2023-05-11T14:41:05.000Z,ولدي قرة عيني,https://www.facebook.com/people/%D9%88%D9%84%D8%AF%D9%8A-%D9%82%D8%B1%D8%A9-%D8%B9%D9%8A%D9%86%D9%8A/pfbid0x16sZTCYLFTLRmbMb5wNzfyXEbB6VTyuoeTg2mMHpX2pRGJfqTpzpvo78BX9AbrNl/,0775692293,سلام عليكم محتاج خدمة جزاكم الله خيرا نخدم كل شيء عندي طفل 0775692293
70,https://www.facebook.com/groups/1275668636117625/permalink/1974626819555133/,2023-05-09T19:07:07.000Z,Rabah Gherbi,https://www.facebook.com/people/Rabah-Gherbi/pfbid02f2a6fwj1otnxHNYjVAi1dkCEWMr3Ax3SnxLvSCjJ69bvZpUERDeSkSgp79g9SgMHl/,0658391122,عندي سبع هكتارات بالماء 'للكراء في سفيون، سيدي بلعباس  0658391122
74,https://www.facebook.com/groups/1275668636117625/permalink/1974067769611038/,2023-05-08T21:30:23.000Z,Moh Guigui,https://www.facebook.com/people/Moh-Guigui/pfbid02RkCkNKpo6MdVuBf9VDAphnYfqLbyEjisEYRszNXvxsHz3iaWDbrmp1FiYABRTSCgl/,0555258462,"Promotion 
3/3 
Prix 18000da
Numéro  0555258462
Livraison disponibl"
75,https://www.facebook.com/groups/1275668636117625/permalink/1974020052949143/,2023-05-08T19:22:00.000Z,براء ابن الهلال,https://www.facebook.com/people/%D8%A8%D8%B1%D8%A7%D8%A1-%D8%A7%D8%A8%D9%86-%D8%A7%D9%84%D9%87%D9%84%D8%A7%D9%84/pfbid0bGhTSqvo9QrmYiH7SuZ4H94HEqVSMFsyGGpwerDvZXwsSMFfkEqjKpjRmscyRSNjl/,0550135957,غرفة التبريد او بوزيتيف للبيع الطول 12:العرض: 4:: الارتفاع 3:بي شلغوم العيد رقم الهاتف 0550135957
77,https://www.facebook.com/groups/1275668636117625/permalink/1973148179702997/,2023-05-07T10:04:45.000Z,Walid Kh,https://www.facebook.com/wa.liid.507027,0778596127,"مطلة أرتوبيديك😱 جديد مرولي حجا شاب🤯 كاليتي هبال 🔥🔥خدمة توصيل متوفر🚛🚛 كاين غاع مقييس 💯💯
مرحب بيكم❤️
Livraison desbonibl
Promotion hbl 
☎️رقم 0778596127"
78,https://www.facebook.com/groups/1275668636117625/permalink/1972143479803467/,2023-05-05T19:45:08.000Z,Line Globale Pro,https://www.facebook.com/people/Line-Globale-Pro/pfbid02BZxfESRdQ3wbDatkJWyTS5QdrYuzKyNh3d3hfQYTUAJGQgR6FKFqJLcuKS6bQQE8l/,0771481821,"Caisse 1,8kg noir 
Blida Beni merad 
0771481821"
79,https://www.facebook.com/groups/1275668636117625/permalink/1972047686479713/,2023-05-05T16:37:58.000Z,Mahfoud Bdn,https://www.facebook.com/mahfoud.bdn,0668827446,"للكراء غرف التبريد والتجميد الخضر والفواكه ولحوم ومثلجات الغرف مجهزة بأحدث التقنيات التبريد ورطوبة مكان ولاية عين الدفلى رقم الهاتف 0668827446/0778974178
Les chambres de refroidissement et de congélation pour les légumes, les fruits, la viande et la crème glacée sont équipées de la dernière technologie de refroidissement et d'humidité wilaya de ain dafla numéro de téléphone 0668827446/0778974178"
80,https://www.facebook.com/groups/1275668636117625/permalink/1971539526530529/,2023-05-04T21:49:42.000Z,Moh Guigui,https://www.facebook.com/people/Moh-Guigui/pfbid02RkCkNKpo6MdVuBf9VDAphnYfqLbyEjisEYRszNXvxsHz3iaWDbrmp1FiYABRTSCgl/,0667865287,"السومة أرض🤩🤩💥💥
متوفر في الأزرق و الأحمر مرحبا بكم
السعر 18.5
0667865287
رقم الهاتف"
81,https://www.facebook.com/groups/1275668636117625/permalink/1971149253236223/,2023-04-29T03:39:34.000Z,Mou Ouled,https://www.facebook.com/mou.ouled,0793931423,"Fruits de bois    فواكه الغابة                                 
عن قريب إن شاء الله 
0793931423"
84,https://www.facebook.com/groups/1275668636117625/permalink/1965570757127406/,2023-04-25T11:12:46.000Z,Belhchet Farid,,0698111232,خضار كاليفي وسيريوا وثيقة من الشرق يحوس على خدمة في اي ولاية 0698111232
86,https://www.facebook.com/groups/1275668636117625/permalink/1964938427190639/,2023-04-24T10:00:57.000Z,باتنة باتنة باتنة,https://www.facebook.com/ness.ma.5872,0665989223,صناعة صهاريج 0665989223
88,https://www.facebook.com/groups/1275668636117625/permalink/1960599800957835/,2023-04-17T08:00:46.000Z,ياسر لابوندا,https://www.facebook.com/people/%D9%8A%D8%A7%D8%B3%D8%B1-%D9%84%D8%A7%D8%A8%D9%88%D9%86%D8%AF%D8%A7/pfbid0A8XQEphyZC6Uw7i72x48vGBidgafzbbkyPzAf51McrFrUR8H8qaF4LvaLSkcaSN6l/,0781966101,"لبارجي انكليني بوالينڤ عضم خشين شعرة طويلةقوة مشاء الله عندهم45يوم 
سوما 2ملاين ونص 25 زوج و500
نسكن في معسكر محمدية باريڤوا
لاارد علي تعليقات عيط 0781966101"
89,https://www.facebook.com/groups/1275668636117625/permalink/1959371287747353/,2023-04-15T07:24:07.000Z,Äbdôu Møstã,https://www.facebook.com/moustafa.mosta.315,0676501419,"نقلة تاع بتيخ واجدة لي مهتم يتصل 
0676501419
نوع كايمن... 
بلد المنشأ اسبانيا 🇪🇸
للعلم راني بعت منها مبقاليش بزاف....."
91,https://www.facebook.com/groups/1275668636117625/permalink/1956583234692825/,2023-04-10T12:42:35.000Z,Khå Lėd,https://www.facebook.com/khaled.bibich.18.07,0550571958,"زريعة العلامة متوفرة الآن باسعار في متناول الجميع 
0550571958 
البيع فقط للموزعين و أصحاب الجملة 👌🏻"
92,https://www.facebook.com/groups/1275668636117625/permalink/1954783824872766/,2023-04-07T14:10:17.000Z,عيسى تڨار,https://www.facebook.com/people/%D8%B9%D9%8A%D8%B3%D9%89-%D8%AA%DA%A8%D8%A7%D8%B1/pfbid0XoeDhjTi21Lzh83BjGJfLKaUmrq5Z7w6NztTUPWaiB2kbtGQy8owUX8dEvdKuNv8l/,0676320192,"سلام عليكم عندي 6 كيلو ونص بصلة قرمودي سلعة ربي يبارك عطاوني 800 لكيلو مبعتش لي مهتم يتواصل معايا 
 لمكان حاسي فدول ولاية الجلفة
0676320192"
93,https://www.facebook.com/groups/1275668636117625/permalink/1952220371795778/,2023-04-03T06:15:13.000Z,Mahdid Aissa,https://www.facebook.com/people/Mahdid-Aissa/pfbid0qYjFsUL23TstCiKGNESgUSZEPcqtnfxKBGSbqvh5KdKZZz4Si6hvRS8FrxU55PAql/,0699458519,"#ابواب غرف التبريد❄❄ الموجبة والسالبة كل الاحجام والمقسات صناعة جزائرية 🇩🇿 بي أعلى جودة وضمان 
☎️0699458519
☎️0791584491
☎️0660080149"
94,https://www.facebook.com/groups/1275668636117625/permalink/1952071961810619/,2023-04-02T23:33:43.000Z,Oran Es Senia Oran,https://www.facebook.com/brahim.okbi.9,0771079376,السلام عليكم كاين 2 طوابل تاع خضرة و 3 طوابل مدورين لي يبغي يخدم على روحه نقيين بزاف الهاتف 0771079376
95,https://www.facebook.com/groups/1275668636117625/permalink/1951974651820350/,2023-04-02T18:57:44.000Z,Oussama Belhocine,https://www.facebook.com/oussama.belhocine.16,0775207366,"Caisse disponible
0775207366"
96,https://www.facebook.com/groups/1275668636117625/permalink/1951783551839460/,2023-04-02T12:19:32.000Z,Djamel Ďjámãł,https://www.facebook.com/people/Djamel-%C4%8Ej%C3%A1m%C3%A3%C5%82/pfbid02EFFsadf9YBhqAzxH7WNuy76hM2HpjWy9Kur69Ez4qMqWzrZRRE9Jn4NhYeesPdobl/,0676275218,"للبيع بالقنطار المكان تخمارت 
0676275218"
97,https://www.facebook.com/groups/1275668636117625/permalink/1949640075387141/,2023-03-29T19:46:39.000Z,MohXmd Sritane,https://www.facebook.com/mohxmd.sritane,0552552763,"2 قطارات 
0552552763"
98,https://www.facebook.com/groups/1275668636117625/permalink/1949368555414293/,2023-03-29T09:57:34.000Z,Champi Frais,https://www.facebook.com/people/Champi-Frais/pfbid02KBc8jGDKZafV1GqFoBcgQbekwRrJjEq8psyjwpwGmXzYRUxgZpSK22J11QAKVmxal/,0540028009,"بيع شومبينيو جملة وديتاي المحل دويرة 
رقم الهاتف 0540028009"
99,https://www.facebook.com/groups/1275668636117625/permalink/1949083942109421/,2023-03-28T20:33:28.000Z,So Liter,https://www.facebook.com/people/So-Liter/pfbid0ZtDBkiKzmxWJH6CaUwkXJSErtqpR42yomoMxmskxVkiukq56u6LGnxs1rWuJA8uJl/,0673126745,"40 آر في معسكر لبيع بلوك 
0673126745"
100,https://www.facebook.com/groups/1275668636117625/permalink/1948564858827996/,2023-03-28T00:34:52.000Z,Mohammed Amine,https://www.facebook.com/people/Mohammed-Amine/pfbid0iFFihHcp8Tp86tCd3xAKXzDbDXn7JKoaoM9hSk9nocWT9dX8czivG7Upog1So2Cl/,0558843534,"سلام عليكم كاين هكتار نتاع سلاطة ولاية تلمسان سلعة فور مرحبا بيكم 
0558843534"
103,https://www.facebook.com/groups/1275668636117625/permalink/1944314949252987/,2023-03-20T18:25:03.000Z,Mohamed Ghm,https://www.facebook.com/people/Mohamed-Ghm/pfbid02VHjgokEeHH3y3QMseTmNiqmEngWwBSwzaDsGmyMUfpbFzT1fxsQTBMgh45R8xga8l/,0698862594,Lelbi3 chari y3ayt 0698862594
104,https://www.facebook.com/groups/1275668636117625/permalink/1943963299288152/,2023-03-20T05:32:19.000Z,حساب للعمل,https://www.facebook.com/people/%D8%AD%D8%B3%D8%A7%D8%A8-%D9%84%D9%84%D8%B9%D9%85%D9%84/pfbid0VFE4UJmzN2nWsYd6SbZAiMTWLpMSMk2NDXUkE2GD6e7RRXa1oPniNSwAHFURGp5jl/,0668651178,سلام خوتي كاين هذي السلعة نضيفة وسومة معقولة ب35 سنتيم لي باغي يخدم على روحو يتصل 0668651178
105,https://www.facebook.com/groups/1275668636117625/permalink/1942579552759860/,2023-03-17T23:19:10.000Z,Walid Mnrs,https://www.facebook.com/people/Walid-Mnrs/pfbid02kUBtyeugoN8r2qrcvEqMTZnrNYL1kzMurtQf5v7Pv5LJwxFsi6YJB86V9DNAxJ2Tl/,0660623969,"نشرك الي حاب يخدم البصل تاع الصيف لارض والماء كاين مرحبا بيك مكان تيارت
0660623969"
106,https://www.facebook.com/groups/1275668636117625/permalink/1942311222786693/,2023-03-17T13:32:54.000Z,Sidali Sidali,https://www.facebook.com/people/Sidali-Sidali/pfbid032oaxooEaQSrnVLht3SvZrXzp9Pmd9xB6Y1Kkkr73e14bxAS2GPvqCNTmRbZHZaSul/,0550358893,سلام خوتي الوالد عندو كارو في سوق بوفاريك يخدم الفواكه والخضار أي فلاح حاب يخدم معاه مرحبا بيكم  0550358893
110,https://www.facebook.com/groups/1275668636117625/permalink/1940961386255010/,2023-03-15T10:00:30.000Z,Enpc Fipexplast,https://www.facebook.com/people/Enpc-Fipexplast/pfbid0KJhsDBtdfHJhXV6aYrkzAeEYErfi4krRuD4EjFzFqD61zYQus8h9vuZkFeybtXb6l/,0661319403,"0661319403
0660407393
المنطقة الصناعية واد سلي الشلف"
111,https://www.facebook.com/groups/1275668636117625/permalink/1938199049864577/,2023-03-10T21:27:32.000Z,Akiou Kader,https://www.facebook.com/akiou16,0778984291,"مركز ثابت لتكوين سائقي المركبات نقل الأشخاص والبضائع يرحب بكم للحصول على شهادة الكفاءة المهنية للنقل
رقم الهاتف : 0778984291"
112,https://www.facebook.com/groups/1275668636117625/permalink/1937235666627582/,2023-03-09T09:39:29.000Z,Ël Mæÿstrœû Ÿœürp,https://www.facebook.com/people/%C3%8Bl-M%C3%A6%C3%BFstr%C5%93%C3%BB-%C5%B8%C5%93%C3%BCrp/pfbid02FeBWEov9TaRFsHoWve9ruriBDv1BQ7dytKVWphnHG6gtftCRF2JwMbmpjC6yPp8gl/,0790632356,السلام عليكم  ،  لي يشري البصل البري  ،  ( بوصيلا  )  لي يصنعوا بها كل أنواع الغراء  ،  يتصل بي  0790632356
113,https://www.facebook.com/groups/1275668636117625/permalink/1937230879961394/,2023-03-09T09:27:57.000Z,أبحث أبحث,https://www.facebook.com/people/%D8%A3%D8%A8%D8%AD%D8%AB-%D8%A3%D8%A8%D8%AD%D8%AB/pfbid0Bd8QoYDFkZNnYpZtAcUbGxc5Gyr4TQSdC9keYM9xjHjPxNeEgwG9D22pd1CSyFsel/,0656343082,أبحث على عمل في أي مجال جزاكم الله خيرا 0656343082
114,https://www.facebook.com/groups/1275668636117625/permalink/1937217293296086/,2023-03-09T09:02:46.000Z,رضوان رضوان,https://www.facebook.com/people/%D8%B1%D8%B6%D9%88%D8%A7%D9%86-%D8%B1%D8%B6%D9%88%D8%A7%D9%86/pfbid02J8zdqYhJUbWaA3B8BM83NjpqjdSo2Kp59Mj8EVbp1hu6h4axEsLJP6ZGyPwSPxDrl/,0665961260,للبيع متور اتيو كاين 700 ميا متر  كامل حالة جديد امكان شلف  0665961260  خاص الفلاحين
115,https://www.facebook.com/groups/1275668636117625/permalink/1922489254768890/,2023-02-15T19:22:18.000Z,Majid Hoodkiler,,0797611816,"سلام عليكم
كاين قطار ونص زرودية واجدة سلعة نضييفة في بسكرة لي مهتم يتصل 0797611816"
116,https://www.facebook.com/groups/1275668636117625/permalink/1920932654924550/,2023-02-13T17:23:44.000Z,دراسات الماء,https://www.facebook.com/people/%D8%AF%D8%B1%D8%A7%D8%B3%D8%A7%D8%AA-%D8%A7%D9%84%D9%85%D8%A7%D8%A1/pfbid02zBg5tekyCmsKZRGR8YKs6nTkzpA2SYUfmLD7CN3PbENS2cmE8HnxbNoDvW64w3Qfl/,0770878677,كاميرا الآبار الارتوازية لمعرفة جميع الأعطال 0770878677
118,https://www.facebook.com/groups/1275668636117625/permalink/1920135028337646/,2023-02-12T14:56:10.000Z,Ishak Bensbaa,https://www.facebook.com/people/Ishak-Bensbaa/100004993279388/,0655654321,الى كل فلاح نعرض عليك   خياطة وتلحيم أحواض السقي الفلاحية وتغليفها بالبلاستيك او بالباش PVC  💯 المهم الجدية خاوتي ،نحن هنا في الخدمة ، مرحبا بيكم 🌹0655654321
119,https://www.facebook.com/groups/1275668636117625/permalink/1920037315014084/,2023-02-12T12:13:35.000Z,الريفي للتجفيف,https://www.facebook.com/people/%D8%A7%D9%84%D8%B1%D9%8A%D9%81%D9%8A-%D9%84%D9%84%D8%AA%D8%AC%D9%81%D9%8A%D9%81/pfbid0yvc5QNnSCbmnXoErATeJqhhtAAvxnqXnXrVevvAon5AgZmBYbdjFPGi7Qkyk9HN2l/,0696905068,"اجود سلعة لثوم المجفف  وزيوت 👍 المتوفرة في السوق الوطنية 🤩💪
البيع بالجملة والتجزئة 😍 والتوصيل متوفر  🚛🚛
بأسعار تنافسية و مغرية 😍😍💪
لراغبين في ثوم مرحي محلي طبيعي 100%ومختلف الزيوت اصلية و طبيعية 
للطلب اسلونا على الخاص او بالاتصال عبر رقم  الهاتف  📲0696905068 او 0672975843 🙏"
120,https://www.facebook.com/groups/1275668636117625/permalink/1919207195097096/,2023-02-11T09:17:50.000Z,Charef Japoni,https://www.facebook.com/people/Charef-Japoni/pfbid0z9bpXFxWqTUVXGTYWUYC5Wqo5jE4cs4cF9YWDQyPSCY8DFtEvJAGCrj6AL6KR15fl/,0676077241,"كاين كرطون بنان بكمية كبيرة مرحبا 
0676077241"
122,https://www.facebook.com/groups/1275668636117625/permalink/1916060508745098/,2023-02-07T06:26:33.000Z,سالم عبد الحفيظ,https://www.facebook.com/doudesagir.doudesagir,0662194980,"بطاطا سبونتا المكان زريبة حامد بسكرة 
0662194980"
125,https://www.facebook.com/groups/1275668636117625/permalink/1914169708934178/,2023-02-04T19:16:26.000Z,Ismail Ben,https://www.facebook.com/people/Ismail-Ben/pfbid02uZtggwnggWWu6XcVg69oJQ1hNNaz8kcjvcQbUvmDjY1xyp7MZSMDvXqvDRzyMs7Tl/,0667507176,"فرنسية جديدة 
0667507176"
128,https://www.facebook.com/groups/1275668636117625/permalink/1911597605858055/,2023-02-01T13:12:15.000Z,Fa Res,https://www.facebook.com/nasar.katigouri,0664268148,زريعة بصل أحمر مرتينازي مهتم يتصل 0664268148
131,https://www.facebook.com/groups/1275668636117625/permalink/1910222539328895/,2023-01-30T15:08:22.000Z,Mourad Mourad,,0663247229,"عندي كاميو طابلة على الطريق الكبيرة في أرضي مع سكن وسجل تجاري خضر وفواكه نحوس على شريك براسمال
0663247229"
135,https://www.facebook.com/groups/1275668636117625/permalink/1907465419604607/,2023-01-26T19:29:07.000Z,Amin Distivano,https://www.facebook.com/offisiall.distivano,0659885101,"زريعة كيرودا لEللبيع
سومة:مسوموناش 
مكان:معسكر
لي مهتم.رقم هاتف
0659885101"
136,https://www.facebook.com/groups/1275668636117625/permalink/1906394993044983/,2023-01-25T12:40:50.000Z,Ahsan Otsman,,0550155079,شني حمروش FIAT  حالة جيدة 0550155079
140,https://www.facebook.com/groups/1275668636117625/permalink/1904995006518315/,2023-01-23T13:31:45.000Z,زيت الزيتون,https://www.facebook.com/people/%D8%B2%D9%8A%D8%AA-%D8%A7%D9%84%D8%B2%D9%8A%D8%AA%D9%88%D9%86/pfbid05SGJLonvy6jMTpAaqtSkZMmuAfxsWqkLvsrCZYAERfoqsjnJb4oM6WMThxCAGX8Ll/,0778901399,"زيت الزيتون جديدة جودة عالية  أسعار معقولة مع توفير التوصيل 0778901399
0772652412"
141,https://www.facebook.com/groups/1275668636117625/permalink/1904802926537523/,2023-01-23T06:55:39.000Z,Karim Mokhtar,https://www.facebook.com/people/Karim-Mokhtar/pfbid0hG6W9XjtHgTuvKLHQjytzwoworzgk1FXNtaUPW7HftaeVKGgVRdrXBd35di55EP8l/,0659605786,"السلام علیکم
خصني نقلة البصلة حمراء لي مهتم يتصل
0659605786"
142,https://www.facebook.com/groups/1275668636117625/permalink/1903763703308112/,2023-01-21T19:54:26.000Z,Baroudi Abd Ennour,https://www.facebook.com/baroudi.abdannour,0550844126,"تفاح جملة ونصف الجملة 
0550844126"
144,https://www.facebook.com/groups/1275668636117625/permalink/1903416753342807/,2023-01-21T10:36:41.000Z,Mourad Mourad,,0664247229,ماريشي للبيع 0664247229
145,https://www.facebook.com/groups/1275668636117625/permalink/1902880623396420/,2023-01-20T15:40:32.000Z,Hakim Hakim,https://www.facebook.com/people/Hakim-Hakim/pfbid0syq2TKSqVrhYyjkrin6qqLwFVb4V4VMQfXbaQ7bJwX4JMXEyoNUwf2db9vYpdDQyl/,0771526076,من بهمه امر يتصل بصل 5 هكتارت تيارت 0771526076
149,https://www.facebook.com/groups/1275668636117625/permalink/1900754693609013/,2023-01-17T18:41:58.000Z,Walid Hosni,https://www.facebook.com/people/Walid-Hosni/pfbid0RuADEAcUehprPz9bnotEpyD1y8w9Z6S78JuVxLJz2dE6te2hzBPZcsa1UDMwcbUPl/,0796859372,نقل البضائع على كل المسافات 0796859372
152,https://www.facebook.com/groups/1275668636117625/permalink/1899177850433364/,2023-01-15T13:59:29.000Z,توابل ولوازم الحلويات,https://www.facebook.com/people/%D8%AA%D9%88%D8%A7%D8%A8%D9%84-%D9%88%D9%84%D9%88%D8%A7%D8%B2%D9%85-%D8%A7%D9%84%D8%AD%D9%84%D9%88%D9%8A%D8%A7%D8%AA/pfbid0fTagoaTZqbb8T1mxLEYnGi61ZJpSTfUKyR3PDtLrGGCNyfmCqy7MXjui66ajA7vgl/,0780634439,"اجود التوابل والاعشاب المتوفرة في السوق الوطنية 🤩💪
البيع بالجملة والتجزئة 😍 والتوصيل متوفر الى 58 ولاية  🚛🚛
( توابل و لوازم حلويات 🧁🥮 من مصنع مباشرة 🏭)
كما نوفر لكم حامل التوابل يكون حسب مقاسكم 
بأسعار تنافسية و مغرية 😍😍💪
لراغبين في افتتاح محلات جديدة مهما كانت رؤوس اموالكم 😍🥳 نقدم لكم توجيهات ونصائح لنجاح تجارتكم بإذن الله 😍🤩😘
للطلب او الاستفسار ، راسلونا على الخاص او بالاتصال عبر رقم  الهاتف  📲: 
0780634439"
153,https://www.facebook.com/groups/1275668636117625/permalink/1898346433849839/,2023-01-14T10:59:21.000Z,Hakim Hakim,https://www.facebook.com/people/Hakim-Hakim/pfbid0syq2TKSqVrhYyjkrin6qqLwFVb4V4VMQfXbaQ7bJwX4JMXEyoNUwf2db9vYpdDQyl/,0666718835,بصل حوريف مهتم يتصل تيارت 0666718835
154,https://www.facebook.com/groups/1275668636117625/permalink/1897718803912602/,2023-01-13T14:18:55.000Z,Moh Emad,https://www.facebook.com/people/Moh-Emad/pfbid0zEQXNBAbgc6oBYXKmixYecbqVkSYHhYEX2UDGf1L75xVcgsUnL9ZUAatj82Pc9p2l/,0783917257,"متوفر شتلة زيتون 

شملال
سيڨواز 
سفيانة 
...
البليدة 0783917257"
159,https://www.facebook.com/groups/1275668636117625/permalink/1895417800809369/,2023-01-10T11:41:46.000Z,Habib Bou Nawala,,0659020501,"قطعة ارض للبيع  ڨرارة ولاية معسكر بالضبط طريق بوحنفية جاية قبل بلدية بوحنفية 2كلم و معسكر 15كلم مساحتها 80متر طريق مخدومة فيها كل مرافق لابوست مدرسة بلدية....كهرباء.. ماء...غاز...  بلاصة كالم وجوارين مشاءالله 
0659020501"
163,https://www.facebook.com/groups/1275668636117625/permalink/1893293687688447/,2023-01-07T11:32:48.000Z,Olive Sigoise,https://www.facebook.com/people/Olive-Sigoise/pfbid05VedmrYquZSNKr8fRxJ3zu8rrgpNa5mxr4Zra8A4UCzpC38kX81pxurnKgDYwXLWl/,0776220854,"سلام عليكم 
أرض للبيع 10 هكتارت بالعقد ملكية على جانب طريق أرزيو/سيق 
0776220854"
164,https://www.facebook.com/groups/1275668636117625/permalink/1892711517746664/,2023-01-06T14:40:05.000Z,Olive Sigoise,https://www.facebook.com/people/Olive-Sigoise/pfbid05VedmrYquZSNKr8fRxJ3zu8rrgpNa5mxr4Zra8A4UCzpC38kX81pxurnKgDYwXLWl/,0774367031,"سلام عليكم 
أرض للبيع 10 هكتارت بالعقد ملكية على جانب طريق أرزيو/سيق 
0774367031"
168,https://www.facebook.com/groups/1275668636117625/permalink/1891225214561961/,2023-01-04T12:16:23.000Z,أسامة بوفافة,https://www.facebook.com/ouss.oussjournaliste,0664981032,"كمية قسطل للبيع جملة
في سكيكدة المهتم يتواصل 0664981032"
169,https://www.facebook.com/groups/1275668636117625/permalink/1891083077909508/,2023-01-04T07:12:14.000Z,Ri AD,https://www.facebook.com/tgv.lasemar,0781935727,مشتلة فلاحة بيبينيار جميع الفواكه والاشجار بكل أنواعها واسعار في متناول الجميع رقم الهاتف 0781935727
170,https://www.facebook.com/groups/1275668636117625/permalink/1890153804669102/,2023-01-02T22:18:17.000Z,Kamaro Rami,https://www.facebook.com/kamaro.rami,0698021073,نقل البضائع 58ولاية 0698021073.  0542821935
173,https://www.facebook.com/groups/1275668636117625/permalink/1888431324841350/,2022-12-31T19:10:15.000Z,Mouhemed Mouhemed,https://www.facebook.com/people/Mouhemed-Mouhemed/pfbid02jPHRv9pbttnsHXuBbacABMxZgH2YkQHsDZjKkw3FhHYnwroQADLSCp5eP5rMcASal/,0673373993,"5بيوت  بلاستيكية للبيع و50باب الشاري يتصل
0673373993"
174,https://www.facebook.com/groups/1275668636117625/permalink/1888088661542283/,2022-12-31T11:32:39.000Z,Mouhamed Maz,https://www.facebook.com/oulidalbhja.oulidalbhja,0776204802,"كابويا تونسية 
المكان البويرة
0776204802"
177,https://www.facebook.com/groups/1275668636117625/permalink/1887448201606329/,2022-12-30T15:10:41.000Z,Élégant Décoration,https://www.facebook.com/31abd.elkarim31,0667095852,"🌺🌹بسم الله__ ماشاء الله
 💞كل يوم جديد💖 الجودة💪 والأناقة
✔️مع ورشة  مستلزمات منزلية للبيع بالجملة و التجزئة.😍
موديلات جديدة و تصاميم عصرية واسعار في متناول الجميـــــــع🔥🔥🔥
نقدم لكم تشكيلة جديدية من الاراءك محلية مصنوعة من  الخشب الممتاز.
كما يمكنكم :
● اختيار اللون المناسب لكم ( كل الالوان متوفرة)
● حسب رغبة الزبون 😍
●التوصيل الى جميع ولايات الوطن حتى باب المنزل 🚛🚛🚚
●الدفع عند الاستلام💰💰
●خدمتكم غايتنا و ارضائكم هدفنا 
●للطلب و الحجز يرجى الاتصال على الخاص او على رقم الهاتف
0667095852"
179,https://www.facebook.com/groups/1275668636117625/permalink/1885907985093684/,2022-12-28T15:17:47.000Z,Ayoub GHz,https://www.facebook.com/people/Ayoub-GHz/pfbid02wNdCEYDepqxdfz5PpZouXexqVgu6YipxW2L8gMWSALekuzT9s4tXcJmQbdLstLqyl/,0777884253,"📍كارو (محل) للبيع داخل سوق الجملة الخضر والفواكه الروفيڨو .
أكثر التفاصيل يرجى الإتصال برقم 0777884253"
180,https://www.facebook.com/groups/1275668636117625/permalink/1885379428479873/,2022-12-27T22:26:56.000Z,Najib Mansouri,https://www.facebook.com/najib.mansouri.984,0698902706,كاوكاو واد سوف بالجملة مالح مع توصيل 0698902706
183,https://www.facebook.com/groups/1275668636117625/permalink/1884053998612416/,2022-12-26T06:39:40.000Z,Lamari Tawfik,https://www.facebook.com/tawfik.lamari,0790496786,كاين قطار ونص زرودية موسكا 0790496786
188,https://www.facebook.com/groups/1275668636117625/permalink/1880439265640556/,2022-12-21T19:39:59.000Z,وجدان وجدي,https://www.facebook.com/people/%D9%88%D8%AC%D8%AF%D8%A7%D9%86-%D9%88%D8%AC%D8%AF%D9%8A/pfbid029Ru2ND3emg3yt4gvEaEYBgdcpinD7Gf5ui4p6r8sevoYpWGDJENjF1EX2mJ9T7NYl/,0778103281,"ساعة ذكية jamais utilisé 🔴

الساعة الأصليةsmart 2030 
 ✅ السعر 470 الف
  المواصفات :
- إمكانية الربط مع الهاتف بتقنية البلوتوث
- امكانية وضع شريحة هاتف Sim Card
- امكانية وضع كارت ميموري MicroSD
- تتوفر على كاميرا لالتقاط الصور
- اتصال مباشر مع أي هاتف بالبلوتوث 📲
- مشغل Mp3 🎼🎵
- تطبيقات التواصل الاجتماعي مثل FaceBook , whatsapp , Google .......الخ 
- شاشة بالوان عالية الجودة 
- تصميم انسيابى اكثر جاذبية 
- التقاط صور السيلفي بالساعة بدون لمس الموبايل ✅
0778103281
🔴التوصيل متوفر 48 ولاية"
189,https://www.facebook.com/groups/1275668636117625/permalink/1880382762312873/,2022-12-21T17:57:13.000Z,Mouhemed Mouhemed,https://www.facebook.com/people/Mouhemed-Mouhemed/pfbid02jPHRv9pbttnsHXuBbacABMxZgH2YkQHsDZjKkw3FhHYnwroQADLSCp5eP5rMcASal/,0660074050,"بيوت بلاستيكية للبيع 
0660074050"
190,https://www.facebook.com/groups/1275668636117625/permalink/1880115089006307/,2022-12-21T11:18:03.000Z,Yacine Benyattou,https://www.facebook.com/yacine.benyattou.52,0540772721,0540772721
193,https://www.facebook.com/groups/1275668636117625/permalink/1879135612437588/,2022-12-20T08:34:27.000Z,Bilal Zit Daro,https://www.facebook.com/people/Bilal-Zit-Daro/100043988740393/,0542212287,"زيت الضرو الاصلي سكيكدة للعلاج الطبيعي مرحبا بكم 0542212287
الاصلي"
196,https://www.facebook.com/groups/1275668636117625/permalink/1877687639249052/,2022-12-18T18:37:28.000Z,Brahimi Hakim,https://www.facebook.com/dawdi.salha,0790288252,0790288252
197,https://www.facebook.com/groups/1275668636117625/permalink/1876863669331449/,2022-12-17T19:23:41.000Z,حسني خريف,https://www.facebook.com/kamelmazzouz,0770001028,0770001028
199,https://www.facebook.com/groups/1275668636117625/permalink/1875717696112713/,2022-12-16T13:14:25.000Z,Thamer Ab,https://www.facebook.com/thamer.ab.96,0658935830,"بخاخ الطاقة للرجال 🔥🔥
رقم الهاتف 0658935830
التوصيل متوفر للولايات"
200,https://www.facebook.com/groups/1275668636117625/permalink/1874184492932700/,2022-12-14T22:43:45.000Z,Amine Master,https://www.facebook.com/people/Amine-Master/pfbid07kozXFzAt66aUVt364M4C8Csa4nPyfPvBjLwTVGoxwgZEcT88CFGZfzGxQFkvHAJl/,0655691707,لي خاصو سائق شاحنة خدمتي التوصيل ولا التوزيع 0655691707
202,https://www.facebook.com/groups/1275668636117625/permalink/1872146386469844/,2022-12-12T18:09:29.000Z,محمد الامين,https://www.facebook.com/people/%D9%85%D8%AD%D9%85%D8%AF-%D8%A7%D9%84%D8%A7%D9%85%D9%8A%D9%86/pfbid0a6DvRmi74LoBkLHBrJw8tD2E916keQeiPwueBHbjaDcvXbFf3tHae3EqG3ioT5t2l/,0698521030,"السلام عليكم ورحمة الله 
متوفر هكتار من الزرودية للبيع
المكان ولاية البيض 
المهتم يتصل على الرقم 0698521030"
203,https://www.facebook.com/groups/1275668636117625/permalink/1871253633225786/,2022-12-11T18:55:14.000Z,Mohamed LE,,0675240094,"⛔باراصول بروميار شوا حديد خشين..💪
⛔باش دوبلي قماش و سكاي ما يدخلش لماا .
⛔توصيل متوفر 58 ولاية🚚🚚... 0675240094
⛔متوفر باش وحدو أيضا..."
204,https://www.facebook.com/groups/1275668636117625/permalink/1870113110006505/,2022-12-10T13:51:49.000Z,Mourad Sp,https://www.facebook.com/people/Mourad-Sp/pfbid02kTeE4e8pA5VUjoD86dQC7pPEpge9AXwrp8AzWhk49pKUg1x7WCPPVgkKy5AFrzvxl/,0667386218,0667386218
205,https://www.facebook.com/groups/1275668636117625/permalink/1869243626760120/,2022-12-09T13:38:15.000Z,Yas Sin'e,https://www.facebook.com/people/Yas-Sine/pfbid02FP7PQqmFM25R3AgKcYtEbyDhCfEacL226TLzdxuxDe5pBBVt2nYgxo7syxXPFVBVl/,0675380204,"سلام عليكم راه كاين قطار بطاطا حمرا (كيرودا) في تيارت للبيع 
شاري يعيط خاوتي 0675380204"
207,https://www.facebook.com/groups/1275668636117625/permalink/1865844990433317/,2022-12-05T12:24:05.000Z,Benamer Meg,https://www.facebook.com/people/Benamer-Meg/pfbid02U5d93dhLGgWkJoHGTMcRc4R6gqtjfZRvYDtCKv1FzTRaceXKiHuhHMh9jHSS6eg6l/,0779913394,كاين زرودية سلعة شابة فور لي يحب يشرجي ميزان ولا شكارة مرحبا بيه 0779913394
208,https://www.facebook.com/groups/1275668636117625/permalink/1864974267187056/,2022-12-04T09:36:01.000Z,وليد الكحلة,https://www.facebook.com/people/%D9%88%D9%84%D9%8A%D8%AF-%D8%A7%D9%84%D9%83%D8%AD%D9%84%D8%A9/pfbid02i81Acvkj82DEaankB3TnfrNfj5eYAJpWeo1g2umxdq8XcvqQa3kuJ8Drcw62yQqPl/,0669501943,نشري كرطون تاع بنان بكونتيتي لعندو يتصل 0669501943
210,https://www.facebook.com/groups/1275668636117625/permalink/1864517483899401/,2022-12-03T18:56:00.000Z,ايمن ايمن,https://www.facebook.com/people/%D8%A7%D9%8A%D9%85%D9%86-%D8%A7%D9%8A%D9%85%D9%86/pfbid02r3ERK9R2vAQVoJXAmCNJrgwH5F27CdHs32L8HiYGsFYzNVSxokcRRqA2VotVN9zhl/,0672936909,"جزر للبيع بربطة  
قلتة سيدي سعد افلو  لغواط 
0672936909"
211,https://www.facebook.com/groups/1275668636117625/permalink/1864464467238036/,2022-12-03T17:34:56.000Z,محمد عبد الرحمان,https://www.facebook.com/people/%D9%85%D8%AD%D9%85%D8%AF-%D8%B9%D8%A8%D8%AF-%D8%A7%D9%84%D8%B1%D8%AD%D9%85%D8%A7%D9%86/pfbid0Z1KRw2yvKKYELz3BgMB3XPXd4tQzGuc6kFMWJrT46Nr3jjawjZ42yPhvycEZfGJzl/,0669138465,"سلام عليكم  نحتاج 200 صندوق  
0669138465"
212,https://www.facebook.com/groups/1275668636117625/permalink/1862576277426855/,2022-12-01T11:38:13.000Z,Dï Nø,https://www.facebook.com/people/D%C3%AF-N%C3%B8/pfbid02gTF6tbhWRZvUdMRFLDPq7rsMHApiUqp2gwVTpEnarTWAx7VaXMmhPgybfmik8szKl/,0666474841,"سلام راه كاين حوالي 10 قنطار زرع الهتم يتصل 
0666474841"
213,https://www.facebook.com/groups/1275668636117625/permalink/1862532687431214/,2022-12-01T10:17:53.000Z,ام امينة,https://www.facebook.com/people/%D8%A7%D9%85-%D8%A7%D9%85%D9%8A%D9%86%D8%A9/pfbid0LQvPjbKDNx9HGxNQrmwQHj62WegkcVmVqtTQjoAEPo4RK47KBw9nNqxWoytWbxSNl/,0783278039,السلام عليكم عليكم خاوتي شكون يقدر يعاوني بشوية خضرة وشويا ريفيطايمة والله غير ولادي مالقاو واش ياكلو راهم هكاك عندي بنتي مريضة بالسكر لازملها ماكلة خاوتي لي يقدر يعاوني يتاصل بيا 😔0783278039
219,https://www.facebook.com/groups/1275668636117625/permalink/1858859501131866/,2022-11-26T19:01:53.000Z,سليمان مطوشي,https://www.facebook.com/people/%D8%B3%D9%84%D9%8A%D9%85%D8%A7%D9%86-%D9%85%D8%B7%D9%88%D8%B4%D9%8A/pfbid0zQZby2Me2J63eiTearnXeXDj6YmT4XkB6gLx2YJvwYCKcwhRu8JiKRMEmBWJMpxdl/,0664571920,كاينا كابويا تونسياسلع فور 0664571920
220,https://www.facebook.com/groups/1275668636117625/permalink/1857688881248928/,2022-11-25T09:22:10.000Z,السيد محمد,https://www.facebook.com/Abdooo00000,0796387876,"السلام عليكم نشري كرتون بنان فارغ لي عندو يتصل
0796387876"
223,https://www.facebook.com/groups/1275668636117625/permalink/1856298574721292/,2022-11-23T13:37:36.000Z,Khelifi Abdou,https://www.facebook.com/people/Khelifi-Abdou/pfbid02JgtDcj5VZZHAgGsdnB9TRkZVSk7DtvcDbusgh3oVo2dPhyANEA9BAaz9WfbTwJ77l/,0781676024,عليكم اخواني فلاحين  يوم يتم شحن إلى ولاية سكيكدة و عنابة و طارف مرحبا بكم متوفر كل أنواع حمضيات للحجز او استفصار 0781676024 0676862478
225,https://www.facebook.com/groups/1275668636117625/permalink/1854231994927950/,2022-11-20T18:38:43.000Z,Tout Passe,,0791646439,شراء الشاحنات howo 15 طن و 6/4 و 8/4 و سيتيرنا المستعملة و المعطلة و حتى لاكسيدونتي 0791646439
226,https://www.facebook.com/groups/1275668636117625/permalink/1853111595039990/,2022-11-19T11:05:51.000Z,SāgøDā La Fêrāy,https://www.facebook.com/people/S%C4%81g%C3%B8D%C4%81-La-F%C3%AAr%C4%81y/pfbid0fLGJ9ztfe3VhoPy3g4C8iAnnpwQLCmtHm69tLuaTbHEv5DTeGJ8kWuFGticDa5Qhl/,0655296461,"كاين قطار زرودية موسكا للبيع
 0655296461"
233,https://www.facebook.com/groups/1275668636117625/permalink/1847474248937058/,2022-11-12T18:49:51.000Z,Belkacem Lakamora Grifa,https://www.facebook.com/belkacem.grifa,0796744544,بناء خزنات المياه صالحة لي شرب وسقي المهتام يتصل على رقم هاتف لي مزيد من المعلومات 0796744544
235,https://www.facebook.com/groups/1275668636117625/permalink/1846752669009216/,2022-11-11T21:29:02.000Z,Hamza Bensaadia,https://www.facebook.com/hamza.bensaadia.5,0671427904,K120 لي خاصو طرنسبور يتصل 0671427904
236,https://www.facebook.com/groups/1275668636117625/permalink/1845681382449678/,2022-11-10T13:52:40.000Z,سماعيلي الناصر,https://www.facebook.com/nasser.smaili1,0674386548,"قطار و20ار
0674386548"
237,https://www.facebook.com/groups/1275668636117625/permalink/1845512239133259/,2022-11-10T08:55:25.000Z,Karim Kahouli,,0770538764,"ختوفر صندوق 2 كغ 
المصنع في خميس الخشنة بومرداس
0770538764"
238,https://www.facebook.com/groups/1275668636117625/permalink/1845086225842527/,2022-11-09T17:36:42.000Z,Tofik Tofik,,0791361374,80قنطار كبويا للبيع 0791361374
239,https://www.facebook.com/groups/1275668636117625/permalink/1844361335915016/,2022-11-08T17:58:07.000Z,مصطفى عيساني,,0542077471,"ثوم للبيع
0542077471"
241,https://www.facebook.com/groups/1275668636117625/permalink/1842971706053979/,2022-11-06T23:58:44.000Z,Oussama Belaref,https://www.facebook.com/people/Oussama-Belaref/pfbid0V12chxfHg7uHuXYBYd95rctPj9XLn1Jm8cLXQE1nv6dPzyQtWrBfdN2EU45sqqNMl/,0792486007,سلام عليكم كين ثوم تع غرسة ولا ماكلة  مهتم عيط 0792486007///0771759107
242,https://www.facebook.com/groups/1275668636117625/permalink/1842827339401749/,2022-11-06T18:47:09.000Z,Fathi Bekkar,https://www.facebook.com/fathi.kazza,0676384706,كلاباز  للبيع  رهي في ولاية النعامة  رقم لهاتف 0676384706
244,https://www.facebook.com/groups/1275668636117625/permalink/1841054032912413/,2022-11-04T13:12:04.000Z,Tofik Tofik,https://www.facebook.com/tofik.titto.7,0671396765,"كاين 3 هكتارات كابوية تونسية مقرينية واجدة لي يخصو لاشارج مرحبا المكان الجلفة بلدية سيدي لعجال 
0671396765"
246,https://www.facebook.com/groups/1275668636117625/permalink/1840471899637293/,2022-11-03T18:47:05.000Z,Bilal Bilo,https://www.facebook.com/people/Bilal-Bilo/pfbid02q7W2Qfj1zu4ic3NZG2WCSXNsxLoa5bxCJfitCLnFKaUd2AZtyL4qic9rK26mwUCBl/,0775730707,"شواية  دجاج على الفحم للبيع.        . 0775730707 
- كبيرة الحجم 
- 15  برا  خاص بالدجاج و الكويس و الجنحين
  و الأرنب و البوزلوف
- يمكن شواء الخراف الصغيرة عليها 
- تشغل بالغاز و الفحم 
-هيكل معدني أنيق و عصري
محرك خاص يتحكم في سرعة دوران الدجاج
حجم الشواية حسب الطلب"
247,https://www.facebook.com/groups/1275668636117625/permalink/1839625366388613/,2022-11-02T15:43:53.000Z,Immo Jijel,https://www.facebook.com/people/Immo-Jijel/100052218434207/,0697934054,"🏗️immobilier kotama jijel🏗️

دير l'affaire 🔥🔥🔥 اشري كاش ولا علي دفعات💵💰🎉🎉🤩

    3 عروض عقارية مميزة 📢   ابتداءا من 190 مليون💰
        لشقق فيني ولا سومي فيني

           في كل أنحاء ولاية جيجل 🤩🤑

                           -حي اولاد بونار امام البحر-🏗️🏖️

                      _ حي بورمل وسط الولاية _🏗️🏖️
                   
              - الصخر الأسود بالعوانة جيجل -🏗️🏘️
         
       

( ساااااارعوو فالكمية محدودة 🔥😘 ) 
للاستفسار تواصلوا معنا عبر الأرقام التالية :
         ☎️ 0697934054☆🛎️ WhatsApp -viber
       ☎️ 0793648403☆🛎️
   ☎️ 0667122143✓🛎️

نقترح عليكم مجموعة رائعة من الشقق قريبة من متطلبات الحياة ( بحر،جامعة.مسجد، مركز شرطة مدارس ..) بولاية جيجل - - 🇩🇿

        الشقق المتوفرة️ 🎀 F1F2 F3 F4 f5🎀 
                   🏠شقق مع سطح مطلة علي البحر🏝️

✅ التسديد عبر دفعات 50%25%25 

✅ شقق بواجهة او بواجهتين مع إطلالة رائعة ⁦علي البحر والغابة
✅ الشقق نصف مجهزة مع إمكانية التجهيز حسب اختيار الزبون
✅ تخفيض هام عند التسديد دفعة واحدة CASH 
✅ مع إمكانية التبادل بسيارة🚘🚕

مرحبا بالجميع خدمتكم راحتنا 😍❤ 
ونتمنى لكم أطيب الأوقات وعطلة ممتعة 🤗⚓"
251,https://www.facebook.com/groups/1275668636117625/permalink/1838693186481831/,2022-11-01T10:40:08.000Z,An Es,https://www.facebook.com/people/An-Es/pfbid02TCBjkBDV1S6LreoBGcPbtvqRXdckL1Wt7aQRzimC8oA9UV4Kft4DMeqims6R5xyzl/,0798491217,متوفر قطار سلاطة للبيع 0798491217
253,https://www.facebook.com/groups/1275668636117625/permalink/1837452449939238/,2022-10-30T19:00:25.000Z,Benzekri Alge,https://www.facebook.com/people/Benzekri-Alge/pfbid0WHqXvneucDo89B5TrVWwdfikCLNzRYnFYA5tsH5ZKgbBLXfJGfjnR9KeBgYKSVu6l/,0551416188,مازدة b1600نضيفة بزاف مهتم يتصل 0551416188
255,https://www.facebook.com/groups/1275668636117625/permalink/1836871869997296/,2022-10-30T01:56:51.000Z,Adili Färïd,https://www.facebook.com/louai.adili,0668421140,0668421140
256,https://www.facebook.com/groups/1275668636117625/permalink/1836734276677722/,2022-10-29T21:16:28.000Z,Ahmed Ahmed,https://www.facebook.com/people/Ahmed-Ahmed/pfbid02N8r7XozqQfbXua4njChuJVLJ5yEdjU64R5sdN4wVvPgTsR3rizsHyA1hYYE9pkELl/,0541597441,"سلام عليكم نا فلاح منتج تمور من بسكرة 
سلعة ربي بارك 60 قناطر شمروخ كما في الصورة 
36 الف لي حاب يشرجي يخدم عل روحو مرحبا بيه
0541597441"
257,https://www.facebook.com/groups/1275668636117625/permalink/1836645640019919/,2022-10-29T18:19:20.000Z,Hicham Chocho,https://www.facebook.com/people/Hicham-Chocho/pfbid02nEJMu9axppYMVeoYz9bgCP4M41sFUCAgtXX395WBQ3uPCLVou4SGymbzXkcfgpbkl/,0792519043,سلام عليكم خاوتي لخاصه خدام في فيرمة يعلف لغنم بقري و يخدم لجاج ويسكن مع ولادو كاين هدا رقمه 0792519043
259,https://www.facebook.com/groups/1275668636117625/permalink/1836582270026256/,2022-10-29T16:40:37.000Z,عماد رمزي,https://www.facebook.com/people/%D8%B9%D9%85%D8%A7%D8%AF-%D8%B1%D9%85%D8%B2%D9%8A/pfbid02BZJewDtypoYC4kZ56R2Prnuef1y7WhPn1bqruXVzgMpBnSmzhsBSDLUY8wFVK3Jol/,0660520781,كابوية تونسية 0660520781 للإتصال 01.5 هكتار تيارت زمالة الامير عبد القادر
260,https://www.facebook.com/groups/1275668636117625/permalink/1836277483390068/,2022-10-29T07:56:57.000Z,Walid Babaye,https://www.facebook.com/walid.babaye.1,0770737418,سلام عليكم عنظي 1800 ڨاجو نضيفة مفيهاش كاصي  لي مهتم يتصل 0770737418
263,https://www.facebook.com/groups/1275668636117625/permalink/1834660833551733/,2022-10-27T09:31:15.000Z,Ken Zo,https://www.facebook.com/belaid.smail,0542225856,"Champignons 🍄 frais disponible 
0542225856"
264,https://www.facebook.com/groups/1275668636117625/permalink/1834634840220999/,2022-10-27T08:42:02.000Z,وليد ناسيم,https://www.facebook.com/people/%D9%88%D9%84%D9%8A%D8%AF-%D9%86%D8%A7%D8%B3%D9%8A%D9%85/100075630249544/,0541591785,باسنة شيري متوفر وسعر معقول و متناول الجميع مرحبا بكم و توصيل جميع ولايات اتصل على رقم 0541591785
266,https://www.facebook.com/groups/1275668636117625/permalink/1832374910446992/,2022-10-24T13:59:16.000Z,حساب للعمل,https://www.facebook.com/people/%D8%AD%D8%B3%D8%A7%D8%A8-%D9%84%D9%84%D8%B9%D9%85%D9%84/pfbid06JcMpEj2wzYg6CtxweccF4YyJY3NfBKhLs8XGWhyWFtxfzP9JTkys2ddAGZNvyngl/,0668239144,قروض إستهلاكية مصغرة وسريعة خاصة بجميع القطاعات الدولة على حساب الشهرية والتعامل مع جميع الولايات المقر في وهران 0668239144
267,https://www.facebook.com/groups/1275668636117625/permalink/1832354463782370/,2022-10-24T13:30:54.000Z,محمد خويلد محمد,,0660130162,"بسم الله الرحمن الرحيم 
تم. اليوم. على بركة  الله.  افتتاح سوق الجهوي .  للخضر. والفواكه  بالجملة بي عين  البيضاء . ورقلة. من يهمه  الامر. او الاستفسار  للحجز. يتصل. بالرقم 
0660130162
كل. الخدمات. متوفرة.  مرحبا.  بكم."
268,https://www.facebook.com/groups/1275668636117625/permalink/1831812433836573/,2022-10-23T21:36:19.000Z,Eurl Aigle d'Or,https://www.facebook.com/eurl.aigledor,0770971520,صناعة غرف التبريد كل الاحجام 0770971520
269,https://www.facebook.com/groups/1275668636117625/permalink/1831696993848117/,2022-10-23T18:10:03.000Z,Pour la Vie,https://www.facebook.com/people/Pour-la-Vie/pfbid035VYBTCzk7gSEayH6NDBdGGNEFfQ1Y5CoB1Lyi3qD2YZM7JTkuBMeqaDBzQ2bHNhbl/,0774194621,"ليبول تاع مستورة اي الذرة منتوج هاذ العام للبيع 
المكان الرملية ولاية خنشلة 
وزن الواحدة حوالي 70/الى 80كلغ 
السعر 140
رقم الهاتف 
0774194621"
271,https://www.facebook.com/groups/1275668636117625/permalink/1829888317362318/,2022-10-21T15:05:04.000Z,Said Bentabet,,0798538427,"A vendre 
Telephone 0798538427"
275,https://www.facebook.com/groups/1275668636117625/permalink/1827746774243139/,2022-10-18T23:57:34.000Z,Boukana Nourdine,https://www.facebook.com/people/Boukana-Nourdine/pfbid022VTYjNr9j7YcQ1FvsUBMUaHhUgAmSTf8ijtwFCs9d7USTZ42XUnaAufY4TQiJDzHl/,0656537167,السلام عليكم ابحث عن عمل في الفلاحة ولامزرعة تربية غنم بقر دواجن او حارس المهم خدمة حلايلية  اجركم على الله ليحتاج خدام خبرة ثقة راني هنا نخدم و شكرا 0656537167
276,https://www.facebook.com/groups/1275668636117625/permalink/1827661980918285/,2022-10-18T20:46:26.000Z,Hic Hem,https://www.facebook.com/hic.chem.5,0770912436,متوفر قطار سلاطة على وجود مابقيلهاش بزاف لي معول يتصل 0770912436 معسكر
277,https://www.facebook.com/groups/1275668636117625/permalink/1827492610935222/,2022-10-18T15:44:14.000Z,Brahim Moumen,https://www.facebook.com/verrsammibrahim.gtd,0676385824,كاين فينة للبيع خدمة غلاة 0676385824
278,https://www.facebook.com/groups/1275668636117625/permalink/1826515944366222/,2022-10-17T12:05:48.000Z,ايوب زواد,https://www.facebook.com/people/%D8%A7%D9%8A%D9%88%D8%A8-%D8%B2%D9%88%D8%A7%D8%AF/pfbid037TE6PRKEPZUMi4crzNynaTE7mkokQ3yf4oftmVCQCoKWiVoofkFuaikTrGUzJfghl/,0697428975,"شمروخ وعرجون حاجة نضيفة  
0697428975"
279,https://www.facebook.com/groups/1275668636117625/permalink/1826374217713728/,2022-10-17T08:43:26.000Z,Æm Űtæ,https://www.facebook.com/people/%C3%86m-%C5%B0t%C3%A6/pfbid0EWSPG2Tz1r4cYzNVe4pjtn56g6mj9YfqRNx4t18oaQNGJyYv2p6Vb5A8JueQDXXLl/,0540447659,"❤0540447659❤
كاين واحد اليتيم 25سنة راه يحوس علا خدمة من مستغانم وراه مسحق اي خدمة يخدم راه بالجوع  الا طيقو تعاونوه بخدمة في وجه ربي 🙏"
280,https://www.facebook.com/groups/1275668636117625/permalink/1825540407797109/,2022-10-16T08:32:19.000Z,عبد الرزاق محجوب,https://www.facebook.com/EurlEsef,0797586220,"خدمات نوفر لكم للكراء غرفة تبريد وتخزين التمر بالقنطار مكان وهران
و للمهتمين في مجال تخزين منتجات فلاحية في غرفة التبريد او بناء مشاريع في هذا المجال يتواصل معي مرحباً بالجميع.❄🦺🇩🇿🚜
0797586220📲"
281,https://www.facebook.com/groups/1275668636117625/permalink/1825222827828867/,2022-10-15T23:01:28.000Z,Mõh Amēd Bn,https://www.facebook.com/billel.madrid.393,0552241287,"كاين 7 قناطر شمروخ حاجة شابة
0552241287"
283,https://www.facebook.com/groups/1275668636117625/permalink/1823919571292526/,2022-10-14T10:38:29.000Z,Bilal Jijle,https://www.facebook.com/people/Bilal-Jijle/pfbid04mbyPpycVArdjWf4d7AgFo7L59BmG6WjuiiQpBVpp15tLgg8Rh8qn3aw93A1UW1Yl/,0772075179,زيت الزيتون سلعة جيجلية لمن يهمه الأمر 0772075179 مرحبا
285,https://www.facebook.com/groups/1275668636117625/permalink/1823465251337958/,2022-10-13T22:00:39.000Z,زراعة الزعفران,https://www.facebook.com/people/%D8%B2%D8%B1%D8%A7%D8%B9%D8%A9-%D8%A7%D9%84%D8%B2%D8%B9%D9%81%D8%B1%D8%A7%D9%86/pfbid04QRAZkCSDvYdWGzCNvZGjXTct5aJXi6jZ4QBS4cSJsbwvC8XgB9nvKCszJkADNTfl/,0665172773,السلام عليكم كاين60 قنطار تفاح قولدن فيها 10قناطر كبدة كليبر مليح في بوحمامة 0665172773
286,https://www.facebook.com/groups/1275668636117625/permalink/1823103801374103/,2022-10-13T13:00:41.000Z,محمد زيت الزيتون,https://www.facebook.com/people/%D9%85%D8%AD%D9%85%D8%AF-%D8%B2%D9%8A%D8%AA-%D8%A7%D9%84%D8%B2%D9%8A%D8%AA%D9%88%D9%86/pfbid0ApPNxoBiQbsbZy8UVrJ3NfPgKHmTwMjXy48JfEyP7HzeJAJ2R2FV8jEUEowXuGNtl/,0781085127,0781085127
287,https://www.facebook.com/groups/1275668636117625/permalink/1822456394772177/,2022-10-12T17:07:26.000Z,Mohammed Karboua,https://www.facebook.com/mohammed.karboua.73,0671594693,كاين ثوم للبيع اللي يحتاج يتصل 0671594693
290,https://www.facebook.com/groups/1275668636117625/permalink/1820611728289977/,2022-10-10T13:08:59.000Z,Miimaa Aoui,https://www.facebook.com/miimaa.aoui.5,0542581417,مرحبا بيكم 0542581417
295,https://www.facebook.com/groups/1275668636117625/permalink/1815932538757896/,2022-10-05T05:29:18.000Z,مڨري عبدالرحمان,https://www.facebook.com/people/%D9%85%DA%A8%D8%B1%D9%8A-%D8%B9%D8%A8%D8%AF%D8%A7%D9%84%D8%B1%D8%AD%D9%85%D8%A7%D9%86/pfbid02b9P1L3TjWn77stZAoiU4PobHfpa53QM49BSa7jBhJVnBd72MRpXnbpbTyCBG2YDsl/,0662252325,5 قناطر ثوم تاع التلاغمة الهاتف 0662252325
296,https://www.facebook.com/groups/1275668636117625/permalink/1815613712123112/,2022-10-04T19:21:35.000Z,Oussama Nouri,,0662818099,"زراعة بصلة شتلة 
0662818099"
297,https://www.facebook.com/groups/1275668636117625/permalink/1807233786294438/,2022-10-03T06:08:02.000Z,Anonymous participant,,0562773866,"متوفر على بركة الله ثمار رمان مسعد 
النوع : سنين علوش - خضراي 
المكان : مسعد ولاية الجلفة 
معلومات اخرى في الخاص او رقم الهاتف
 0562773866"
300,https://www.facebook.com/groups/1275668636117625/permalink/1811918082492675/,2022-09-30T14:39:16.000Z,ابو ادريس,https://www.facebook.com/people/%D8%A7%D8%A8%D9%88-%D8%A7%D8%AF%D8%B1%D9%8A%D8%B3/pfbid02T8ai7VJvNXf4khfh5FLviMS2yxdG5jgCZfADUjRyD7gqBE9zN7jrhDy2HEaZuhJzl/,0666125875,خاصني فورنيسور تاع ديسار في غليزان فيل 0666125875
301,https://www.facebook.com/groups/1275668636117625/permalink/1811721662512317/,2022-09-30T09:21:26.000Z,Imad Djbir,https://www.facebook.com/people/Imad-Djbir/pfbid02as7DHr1KBdatjzMufVcFynvo1U56KQMnssSSZeaPa72MmRutQRvom5XZV9EhydJPl/,0783072643,سلام عليكم عندي ثوم عادي وثم ذكر جملة لباغي يتصل بييا 0783072643/0675204566/0778067620
303,https://www.facebook.com/groups/1275668636117625/permalink/1809184426099374/,2022-09-27T10:07:21.000Z,Bouadi Avitech Agritech,https://www.facebook.com/bouadi.avicoleagricole,0770337009,"شركة بوادي توفر لكم الأفضل في مجال الري بالرش Kit D'aspersion💦💦
                          💦💦طقم الرش المحوري💦💦
نوعية تركية  🇹🇷 🇩🇿  يلديريم بلاستيك🇹🇷 🇩🇿 جودة مضمونة بمعايير دولية.البيع بالجملة والتجزئة
✔كيت💦 50مم 
✔كيت 💦63مم
✔كيت 💦 75مم
✔اكسسوارات 
✔خطوط نقل المياه💦طول الخط 6متر ذات قطر 90 مم * 110مم *125مم * 140مم
✔خرطوم للري بالتقطير 400متر 16مم بين الثقب 33سم 
ولاية برج بوعريريج بلدية سيدي امبارك 
للمزيد من المعلومات اتصل بالرقم 0770337009"
308,https://www.facebook.com/groups/1275668636117625/permalink/1806285126389304/,2022-09-23T22:33:56.000Z,婴儿男人,https://www.facebook.com/rachid.riff.14,0771429460,كابويا للبيع 0771429460
310,https://www.facebook.com/groups/1275668636117625/permalink/1805185143165969/,2022-09-22T14:50:03.000Z,عزيز قاضي,https://www.facebook.com/kadiamin.kadi,0542424030,تيارت 0542424030
312,https://www.facebook.com/groups/1275668636117625/permalink/1805064276511389/,2022-09-22T11:45:03.000Z,الأمل للتوحد معسكر,https://www.facebook.com/people/%D8%A7%D9%84%D8%A3%D9%85%D9%84-%D9%84%D9%84%D8%AA%D9%88%D8%AD%D8%AF-%D9%85%D8%B9%D8%B3%D9%83%D8%B1/pfbid0SSq8EwV7ssMX21edq7e8P9nudprBNsVg8tEMgYnGgeH4fLpPMeo1jRXuSBjkg1Z7l/,0542041500,"#طفل يتيم بحاجة إلى محفظة و أدوات مدرسية يدرس في السنة اولى متوسط من يريد التكفل بأي شيى لهذا الطفل يتصل بالرقم 
0542041500"
313,https://www.facebook.com/groups/1275668636117625/permalink/1804991133185370/,2022-09-22T09:22:17.000Z,Zaim Fateh,https://www.facebook.com/zaim.globalintergold,0778410310,"كابويا تونسية للبيع 
المكان عين مليلة
0778410310"
314,https://www.facebook.com/groups/1275668636117625/permalink/1804038813280602/,2022-09-21T03:38:15.000Z,عبد الرحيم,,0698125667,للكراء غرف التبريد ولاية تلمسان دائرة الرمشي مرحبا بكم 0698125667
315,https://www.facebook.com/groups/1275668636117625/permalink/1803870266630790/,2022-09-20T22:13:12.000Z,Mouhamed Mouhamed,,0656495450,"نقل عمومي كل الاتجاهات
الانطلاق من بسكرة 
K120
6ton
2 camion
0656495450/0772591157"
316,https://www.facebook.com/groups/1275668636117625/permalink/1803819723302511/,2022-09-20T20:26:48.000Z,Jallil Jallil,https://www.facebook.com/people/Jallil-Jallil/pfbid0CBZgvy1RKQy1nM42YcgeW6b456M8Q2nNB6RnD8zsCgKJcz1jctaXbYQnB5R5bkB6l/,0655429943,كاين طماطم سلعة شااااابة نواحي سعيدة الشاري يعيط 0655429943
317,https://www.facebook.com/groups/1275668636117625/permalink/1803751849975965/,2022-09-20T18:19:07.000Z,Lahcen Le Roi,https://www.facebook.com/lahcen.leroi.587,0791697452,"كاينة سلعة تمر دقلة نور شابة في طولقة سلعة فور بالجملة والطوناج  كاين المهتم يتصل
0791697452"
318,https://www.facebook.com/groups/1275668636117625/permalink/1802860843398399/,2022-09-19T14:52:01.000Z,Jalile Jalile,https://www.facebook.com/people/Jalile-Jalile/pfbid02UV6zMCxssLeVXw7mvWmYPduCgxtFo8rSxAgMXyEyHLVUyzAUyYQifte3GcBYMZAxl/,0779458675,"كاين 16 كيلو لوز للبيع

0779458675
ف تلمســان"
319,https://www.facebook.com/groups/1275668636117625/permalink/1802186330132517/,2022-09-18T17:02:11.000Z,ديكورات بلاتر,https://www.facebook.com/people/%D8%AF%D9%8A%D9%83%D9%88%D8%B1%D8%A7%D8%AA-%D8%A8%D9%84%D8%A7%D8%AA%D8%B1/pfbid032dRtCx3Y4rYpt5Eqk2w9kTKWyZ3Mjd5SKDe3ncMDiDd3UoGnRwyR4JFMK26RLyD9l/,0672717513,"52نخلة دقلة نور للبيع اولاد جلال
0672717513"
321,https://www.facebook.com/groups/1275668636117625/permalink/1801599760191174/,2022-09-18T00:14:29.000Z,Oussama Nouri,,0660970529,"زراعة بصلة 
شتلة حمرة
0660970529"
323,https://www.facebook.com/groups/1275668636117625/permalink/1801250856892731/,2022-09-17T13:27:51.000Z,Moh Amed,https://www.facebook.com/people/Moh-Amed/pfbid0sxQgUgdmRiNQ2vVhZXMXfpWRTU2pSLccTQg2Mn3UBoTsXoxJhJZvHUhFPjnMnSXsl/,0562227879,تفاح للبيع حاجة مليحة المهتم يتواصل 0562227879
326,https://www.facebook.com/groups/1275668636117625/permalink/1800631003621383/,2022-09-16T17:55:09.000Z,البحث عن المياه الجوفية,https://www.facebook.com/people/%D8%A7%D9%84%D8%A8%D8%AD%D8%AB-%D8%B9%D9%86-%D8%A7%D9%84%D9%85%D9%8A%D8%A7%D9%87-%D8%A7%D9%84%D8%AC%D9%88%D9%81%D9%8A%D8%A9/pfbid07e9cAtwvFX8zjuf3wFRUwLXtbMUyUFFy2ooNczDmJravVjvyoTShhGmfkPPyosVwl/,0662745556,البحث عن المياه الجوفية بطريقة التقليدية حساب العمق قوت التدفق نسبة الملوحة نحن دائما في الخدمة 0662745556
327,https://www.facebook.com/groups/1275668636117625/permalink/1800336946984122/,2022-09-16T09:34:08.000Z,الأمل للتوحد معسكر,https://www.facebook.com/people/%D8%A7%D9%84%D8%A3%D9%85%D9%84-%D9%84%D9%84%D8%AA%D9%88%D8%AD%D8%AF-%D9%85%D8%B9%D8%B3%D9%83%D8%B1/pfbid0SSq8EwV7ssMX21edq7e8P9nudprBNsVg8tEMgYnGgeH4fLpPMeo1jRXuSBjkg1Z7l/,0697083442,"#اعلان #جمعية #شمس #الدين#للامل#لاطفال#التوحد
🌠مع التحاق التلاميذ بمقاعد الدراسة تظهر مجموعة من الصعوبات في التعلم 🕵️‍♂️🕵️‍♀️ومن أهمها👇 
👈صعوبة القراءة.🙇‍♂️🙇‍♂️🙇‍♀️
👈كتابة غير سليمة:✍✍✍ انقاص حروف٫ إضافة حروف٫ انقاص كلمات٫ جمل بلا معنى.🤦‍♀️🤦‍♂️🤷‍♀️
👈صعوبة فهم وإدراك المعاني:🙆‍♂️🙋‍♀️🙋‍♂️ يظهر هدا في عدم فهم أسئلة الامتحانات رغم تناول الدروس مسبقا في القسم.🤦‍♀️🤦‍♂️🗣
👈صعوبة إدراك المفاهيم الرياضية🤖🤖.
👈لا يستفيد ولا يتحسن بدروس الدعم.💆‍♀️💆‍♂️💆‍♂️
👈معدلات متدنية وعلامات أقل من 5.🤓🤓
👈مشاكل نفسية: نقص الثقة بالنفس والخوف وكره الدراسة والعزلة عن زملائه وعجزه عن التأقلم معهم.🙍‍♀️🙎‍♂️🙍‍♂️
👈بالإضافة إلى مشكلات ضعف الانتباه وقلة التركيز.🤏🤏
__________________________
هل تشعر أن لدى ابنك صعوبه في  التعلم 😓 وتريد الحل🤔
🤗🤗🤗🤗🤗لا داعي للقلق  نحن لدينا الحل 💥💥💥
👈👈👈 برنامج  علاجي تعليمي شهري   للأطفال الذين يعانون من صعوبات التعلم  🙆‍♂️🙋‍♂️🧏‍♂️🧏‍♀️
👈من تقديم:🤓🤓🤓👇👇
 🌠 اخصائية و مدربة ٫ ذات خبرة في معالجة صعوبات التعلم 😍😍😍
________________________________

👈ماذا يستفيد ابني من هذا البرنامج ؟؟؟👏🤝👏
✍️معالجة صعوبة الانتباه 👨‍🎓👨‍🔬👩‍🔬
✍️معالجة صعوبة الادراك 👩‍🔧👩‍🔧👩‍🔧
✍️معالجة اضطراب القراءة 👩‍🏫👩‍🏫
✍️معالجة اضطراب الكتابة✍✍✍
✍️تحسين الخط 🤩 والكتابة بخط جميل ومنظم مع تحليل شخصية الطفل من خلال حركاته ورسوماته😍😍🎁🎁
________________________________
💥💥الفئة المستفيدة  من البرنامج:👨‍👩‍👧👨‍👩‍👧‍👦👨‍👦‍👦
👈الاطفال من 5 سنوات حتى 16 سنة.👧👦🧒
👈للتسجيل اتصلوا على الرقم😍😍
🏃‍♂️🏃‍♀️سارعو للحجز فالاماكن محدووودة 😍😍😍
0697083442"
337,https://www.facebook.com/groups/1275668636117625/permalink/1797181033966380/,2022-09-12T09:08:17.000Z,جمال جمال.,,0675479325,زريعة تاع بصل حمرا ڨلاصي مرتنازي.   لي خصو يتصل 0675479325
340,https://www.facebook.com/groups/1275668636117625/permalink/1795843850766765/,2022-09-10T16:26:27.000Z,Karim Karim,https://www.facebook.com/people/Karim-Karim/pfbid0qQeXYUUhM1WnJLhcrr7xEdJb3WNYbYvnnPAdK36jYiYg4BHunNsKadRipnPCRTNEl/,0541989567,"تفاح قولدن للبيع
نوعية جيدة ، المكان ولاية باتنة
للمهتمين الاتصال على 0541989567"
342,https://www.facebook.com/groups/1275668636117625/permalink/1795821530768997/,2022-09-10T15:50:14.000Z,كمال سالي,https://www.facebook.com/people/%D9%83%D9%85%D8%A7%D9%84-%D8%B3%D8%A7%D9%84%D9%8A/pfbid02Cd1UDjKeMY78oFm15D1T51ncwb3GThYb5fddwH34Ps63VHeWi3m5QXzFRDGQP35Dl/,0696388044,ثوم احمر المكان لمسيلة رقم الهاتف 0696388044
343,https://www.facebook.com/groups/1275668636117625/permalink/1795253744159109/,2022-09-09T21:03:20.000Z,Said Anem,https://www.facebook.com/said.saou,0771312212,"1.3 هكتار كابويا تونسية واجدة بالرشايقة ولاية تيارت
0771312212"
345,https://www.facebook.com/groups/1275668636117625/permalink/1794850130866137/,2022-09-09T08:41:35.000Z,Mohamed Oullaf,,0660088406,عنب فالانسي تاع معسكر نبيع فالبلان 0660088406 بالجملة سلعة شابة
347,https://www.facebook.com/groups/1275668636117625/permalink/1794075077610309/,2022-09-08T09:43:25.000Z,Ghali Mohamed,https://www.facebook.com/people/Ghali-Mohamed/100035801870237/,0658887724,بسم الله ومشاءالله مرحبا بيكم بأسعار ف معقول و خدمة متقونة هل تريدون ديكور مميز يجعل من بيوتكم عنوان للفخامة طلاء و رسوم اتصل اخي الكريم 0658887724 ولاية معسكر
348,https://www.facebook.com/groups/1275668636117625/permalink/1793467621004388/,2022-09-07T12:33:56.000Z,Wàld Rêzkï,https://www.facebook.com/people/W%C3%A0ld-R%C3%AAzk%C3%AF/pfbid02ACZhw6jUUKNwxxXdfcEaHEYVnvWsmNF4TDLq7TZzujqbjmRRVMpqn65guQWiyhjal/,0674006283,عدس تاع بلاد طياب و ماكلة 0674006283
350,https://www.facebook.com/groups/1275668636117625/permalink/1793062377711579/,2022-09-06T22:12:55.000Z,محمد محمد,,0696245368,تفاح جبل ضواحي اشمول  0696245368
352,https://www.facebook.com/groups/1275668636117625/permalink/1792305047787312/,2022-09-05T20:25:38.000Z,Sarah Sarita Princissa,https://www.facebook.com/sarahsarita.princissa,0783191640,"يوجد💥 تخفيضات💥 في سعر سيلوقان امبلاج من 1.2كغ...... الي 50كغ حسب الطلب👇👇👇👇
المقر: اولاد موسى بومرداس مرحبا بكم 🤝🤝🤝🤝
نستقبل الاتصال 24/24ساعة 👋👋👋
📞☎️0783191640
0554329559"
353,https://www.facebook.com/groups/1275668636117625/permalink/1792257894458694/,2022-09-05T18:42:16.000Z,Taki Faki,https://www.facebook.com/taki.faki.7,0663860054,بصل أحمر للبيع 0663860054 في سعيدة
358,https://www.facebook.com/groups/1275668636117625/permalink/1789721164712367/,2022-09-02T11:11:57.000Z,حبيب حبيب,https://www.facebook.com/habib.ghanem.14,0795063367,0795063367
359,https://www.facebook.com/groups/1275668636117625/permalink/1788828841468266/,2022-09-01T07:15:09.000Z,Hicham Hicham,https://www.facebook.com/maftah.tipo,0655929459,السلام عليكم تركيب بيوت الدواج 🐔🐣🐥🐤والخضر🍀☘🌿🌱🪴 والانعام🦙🦙  مركز سطيف بئر حدادا رقم ___0775447639___☎0655929459
360,https://www.facebook.com/groups/1275668636117625/permalink/1787454724939011/,2022-08-30T14:37:10.000Z,Moghit Ghafir,https://www.facebook.com/moghit.ghafir,0674998726,السلام عليكم كاين بطاطا بيضة في بلعباس ليخصه مرحبا بيه عيط برك منردش على تعليقات 0674998726
361,https://www.facebook.com/groups/1275668636117625/permalink/1786873654997118/,2022-08-29T21:20:41.000Z,Halim,,0557476596,"السلام عليكم يوجد فوراج مع 5هكتارات ونصف للكراء في ولاية ميلة شلغوم العيد للاستفسار الاتصال علي الارقام لا ارد علي التعليقات اتصلو لكي تجدونا الاجوبة
0557476596
0675813440"
363,https://www.facebook.com/groups/1275668636117625/permalink/1786427835041700/,2022-08-29T09:04:42.000Z,Mohamed Mohamed,https://www.facebook.com/people/Mohamed-Mohamed/pfbid0JDujXtZKgiM2e7vZmpJJwcc8zsNsg5Go8KUNQjCXSZUTD6Z5awf48Sr8e77B4Rxbl/,0559852368,"سلام عليكم و رحمة الله  راه متوفر عندنا ماتريال غرف تبريد مجمول من كلش فيه :
4 محركات كوبلوند (copland) (موجبين +) 12 حصان 
4 فابوراتار (رياشات)  friga bon 
3 ارموار بالإضافة إلى الكوابل و الخيوط و الانابيب الغاز ....
 يعني مجمول من كلش  
للاستفسار 0559852368
0550431245 
ولاية شلف  
و مرحبا بالجميع و جزاكم الله خيرا ❤"
364,https://www.facebook.com/groups/1275668636117625/permalink/1786026945081789/,2022-08-28T19:46:43.000Z,محمد عبد الطيف,https://www.facebook.com/people/%D9%85%D8%AD%D9%85%D8%AF-%D8%B9%D8%A8%D8%AF-%D8%A7%D9%84%D8%B7%D9%8A%D9%81/100077653227670/,0771804411,"من لأية تيارت أبحث عن عمل في فير-مة ام مزراع أنا متزوج والمحمد 👈 0771804411،👈,0555861474"
366,https://www.facebook.com/groups/1275668636117625/permalink/1785802698437547/,2022-08-28T13:09:23.000Z,لطفي لطفي,https://www.facebook.com/people/%D9%84%D8%B7%D9%81%D9%8A-%D9%84%D8%B7%D9%81%D9%8A/100074393282913/,0772344167,المهتم يجيني بريفي والا أتصل 0772344167.   0659557253
369,https://www.facebook.com/groups/1275668636117625/permalink/1785672211783929/,2022-08-28T08:50:19.000Z,Ibra Him,https://www.facebook.com/faradji.faradji.75,0782893184,0782893184
371,https://www.facebook.com/groups/1275668636117625/permalink/1785126401838510/,2022-08-27T14:00:55.000Z,أم أسيل,https://www.facebook.com/people/%D8%A3%D9%85-%D8%A3%D8%B3%D9%8A%D9%84/pfbid0ZWX6UueYS4Z6oyxuWh3CEXYFze9Xap4Wkod4UbEgkxkfSDRkJy5rJYuC5E2CxHzl/,0783957977,ماتريال تاع حانوت جديد للبيع مهتم يتصل بصاحب محل يسكن بني صاف 0783957977
373,https://www.facebook.com/groups/1275668636117625/permalink/1784525925231891/,2022-08-26T18:58:09.000Z,ÇHå WKĩ,https://www.facebook.com/people/%C3%87H%C3%A5-WK%C4%A9/100075976323523/,0779325951,"كاين طماطم زنڨولا لي يشرجي يعيطلي
0779325951"
374,https://www.facebook.com/groups/1275668636117625/permalink/1784455335238950/,2022-08-26T16:37:36.000Z,Mohamed Hàmraouï,https://www.facebook.com/people/Mohamed-H%C3%A0mraou%C3%AF/pfbid02GWXZiErFSUxHKLKBWGKArXYWTMXub94QqgjSch2fRd4L3uRDWKicvC1c11hLfJvwl/,0656828359,"ثوم أحمر وهران 
0656828359"
376,https://www.facebook.com/groups/1275668636117625/permalink/1783703738647443/,2022-08-25T15:49:35.000Z,Râchîd Râchîd,https://www.facebook.com/people/R%C3%A2ch%C3%AEd-R%C3%A2ch%C3%AEd/pfbid0ajMYagKUhpVgH8dJM64UBf8PrsbccqcZamjcu6QRsHidNWno6qui6RqEQa8PkBRNl/,0662406579,"سلام عليكم كاين طماطم للبيع بلوك سلعة مشاء الله
0662406579
مكان تيارت"
382,https://www.facebook.com/groups/1275668636117625/permalink/1781605275523956/,2022-08-22T18:03:09.000Z,Djou Minou,https://www.facebook.com/djou.minou.12,0656150518,0656150518
385,https://www.facebook.com/groups/1275668636117625/permalink/1780547875629696/,2022-08-21T07:14:44.000Z,Kalleche Med,https://www.facebook.com/jombo.jombo.1238,0549363807,عين تموشنت تارڨة 0549363807
386,https://www.facebook.com/groups/1275668636117625/permalink/1779482335736250/,2022-08-19T22:09:45.000Z,Athman Abdou,https://www.facebook.com/people/Athman-Abdou/pfbid07D95WV7XetcX6GS4tYP2sq7FyCBLYdJNg1zh3mBFanPrs8vb5YoMscqiMX5n9sQwl/,0793869805,عدي 4هكتار تع قزبر و معدنوس بيع بل الجملة مرحب بكم  0793869805
387,https://www.facebook.com/groups/1275668636117625/permalink/1779219129095904/,2022-08-19T13:36:08.000Z,You Cef,https://www.facebook.com/youcef.mekkaoui.3,0780613418,كاين 3 هكتارات زرودية على وجود رقم الهاتف 0780613418.  0674386548هكره في تلفون منردش على تعليقات مكان توسمولين ولاية البيض
389,https://www.facebook.com/groups/1275668636117625/permalink/1778792212471929/,2022-08-18T23:42:15.000Z,Taki Faki,https://www.facebook.com/taki.faki.7,0673877048,"بصل أحمر للبيع تقنطير 35
في سعيدة مرحبا 0673877048"
390,https://www.facebook.com/groups/1275668636117625/permalink/1777604339257383/,2022-08-17T07:03:31.000Z,Khaldi Med,,0663220288,سلام عليكم عندي حوالي 80 قنطار زريعة تاع بصلة حريف نظيف مافيهش حبة فاسدة ونايض طبيعي بيو مافيهش فكرة دواء ولا لانڨري تاع زراعة 0663220288
392,https://www.facebook.com/groups/1275668636117625/permalink/1777324059285411/,2022-08-16T20:35:27.000Z,Yassine Azzouz,https://www.facebook.com/yassine.azzouz.104,0772730062,سلام خوتي نحوس على خدامة يربطو بصل 0772730062
393,https://www.facebook.com/groups/1275668636117625/permalink/1777172492633901/,2022-08-16T15:14:51.000Z,Mohamed El Amin,https://www.facebook.com/mohamed.jide.75,0657597096,"لطونت جديد في دوريجين فيها 3في3 و ميزان 40 كيلو جديد في دوريجين غير مستعملين مكان سيڨ معسكر
0657597096"
394,https://www.facebook.com/groups/1275668636117625/permalink/1776663559351461/,2022-08-15T21:37:54.000Z,Mohmd Mohmd,https://www.facebook.com/people/Mohmd-Mohmd/pfbid0zxnDL3eFjQr2345apw9VoK8mHKbrpp8Y8Ba3zoruJrA9RRf2weQiU3KoUQkgmES4l/,0672970883,سلام كاين سلات جوطابل للبيع سيدي بلعباس 0672970883
395,https://www.facebook.com/groups/1275668636117625/permalink/1775794482771702/,2022-08-14T17:45:33.000Z,Mohamed Mohamed,https://www.facebook.com/people/Mohamed-Mohamed/pfbid0351gxqXYDPB1KGriCiqk7J3ejYVe3vaFJFZNQgKSbFb9jNvVrPcgbCg6QkQP9CWzml/,0771205479,"شومبرة فروا (-) 6*4*3 موتور 15 حصان للبيع 
0771205479"
396,https://www.facebook.com/groups/1275668636117625/permalink/1775780002773150/,2022-08-14T17:20:19.000Z,Tayeb Accessoires Oran,https://www.facebook.com/tayeb.benouzghar,0667834214,"طماطم و دنجال واجدين لي باغي يشرجي مرحبا
العنوان.  فلوريس وهران
الهاتف  0667834214
البيع بالميزان  لي مهتم يتصل"
399,https://www.facebook.com/groups/1275668636117625/permalink/1775224582828692/,2022-08-14T01:13:26.000Z,Fares Kara,,0557871884,نشري كارطون فارغ تاع بنان بالكونتيتي لي عندو يتصل 0557871884
400,https://www.facebook.com/groups/1275668636117625/permalink/1774611069556710/,2022-08-13T05:57:31.000Z,اساموا اساموا,https://www.facebook.com/people/%D8%A7%D8%B3%D8%A7%D9%85%D9%88%D8%A7-%D8%A7%D8%B3%D8%A7%D9%85%D9%88%D8%A7/pfbid035mvJscCwNXwrkpHPQ3NjgBbpqR89Ki5XJoGCfYdPs9fo8bRRBzp2t7j1R2BFnd7Yl/,0675907219,لي خصو خدام يخدم معاه يصرجي ويسوق معاه يعيط 0675907219
401,https://www.facebook.com/groups/1275668636117625/permalink/1773885656295918/,2022-08-12T07:49:55.000Z,Ahmad Reffassi,https://www.facebook.com/ahmad.reffassi,0782032448,سلام كين كرطون نتع بنان 50 في بلعباس للبيع تلفون  0782032448
402,https://www.facebook.com/groups/1275668636117625/permalink/1773182299699587/,2022-08-11T09:52:29.000Z,Riadh Bureu D'afaire,https://www.facebook.com/people/Riadh-Bureu-Dafaire/pfbid02i3k8h2KWv63ukdHCdCZ4dJ5fowXdK7Uh814FDFdTebciHrHeUqGn1BKHQ8cENTjCl/,0550352923,"للبيع أرض فلاحي - ولاية معسكر دائرة سيق 26هكتار   عقد والدفتر العقاري التمن 80 مليون للهكتار
لمعلومات اكترا أتصال 0550352923"
404,https://www.facebook.com/groups/1275668636117625/permalink/1772506439767173/,2022-08-10T10:39:39.000Z,علام خالد,https://www.facebook.com/people/%D8%B9%D9%84%D8%A7%D9%85-%D8%AE%D8%A7%D9%84%D8%AF/pfbid02zRKtBDju68WaDbG8PwZpk6YZV1rpiJthc6yttgfowbPH35aw8i21UtPG7yzPXAYCl/,0663546683,309محرك روداج نوع بيكس رقم مولاها 0663546683
405,https://www.facebook.com/groups/1275668636117625/permalink/1772502156434268/,2022-08-10T10:31:03.000Z,ياسين شكيل,https://www.facebook.com/people/%D9%8A%D8%A7%D8%B3%D9%8A%D9%86-%D8%B4%D9%83%D9%8A%D9%84/pfbid0ZoBp9PcN59ALpGx3HxnskpMQM8PwuP4NyUqo3tStcVEbDoCLsoWweepdRHF1NVQFl/,0674468387,رند لبيع  سكيكدة 0674468387
410,https://www.facebook.com/groups/1275668636117625/permalink/1770981333253017/,2022-08-08T12:45:17.000Z,Hassen Bouidder,https://www.facebook.com/hassen.bouidder.9,0549951172,"🔴 متوفر لدينا 📣
👈🎁💣🎁 بمناسبة عاشوراء 🌹🌹🌹🌺🌷🌿🌱🌱🌿🥰قمنا بتخفيظات في الاسعار ومدة التخفيض محددة إغتنمو الفرصة
 🌹16.33=8900 D(8600Da)
🌹16.75=8700Da(8400Da)
🌹16      =5900Da (5600Da)

أنبوب السقي بالتقطير💧 منتوج ذو جودة عالية🎖 مستورد من تركيا باسعار في متناول الجميع لا تضيع الفرصة  وأداء ممتاز في التقطير💧. يوالم مجموعة متنوعة من المحاصيل: طماطم 🍅 بطيخ 🍉باذنجان🍆 خيار🥒 بطاطا 🥔 ...
يستعمل أنبوب التقطير  للزراعة الحقلية والبيوت البلاستيكية 

متوفر في مقاس: 400 متر  
مسافة بين القطرتين متوفر : 33 سنتيمتر و 75 سنتيمتر  
القطر : 16 Ø
و متوفر ايضا في القطر:20 
💣💣 كما يمتاز بخاصية الدفن تحت الأرض بعمق 20 سم. 
3- القطر 20 مم . البكرة تحتوي على 300 متر
الضغط المتحمل:  4 بار
سرعة التدفق 4لتر في الساعة / 4بار
اصحاب الجملة فيها تخفيضات في الاسعار 
للإستفسار اكثر أتصل :0549951172

16.33=8900 Da
16.75=8700Da
16      =5900Da
20      =5700Da
 👈مرحبا بكم 🤗
👈نوفر لكم خدمة التركيب من طرف تقنيين(Des Technicien) في جميع الولايات 
👈خدمة التوصيل متوفر إلى جميع الولايات
0549951172

#فلاح #فلاحة_حديثة #حديقة #نباتات #أشجار #بستنة #حشرات #بيولوجيا #تسويق #أنبوب #سقي #مزرعة  ."
412,https://www.facebook.com/groups/1275668636117625/permalink/1770003896684094/,2022-08-07T06:31:37.000Z,شيهب نصرالدين,https://www.facebook.com/people/%D8%B4%D9%8A%D9%87%D8%A8-%D9%86%D8%B5%D8%B1%D8%A7%D9%84%D8%AF%D9%8A%D9%86/pfbid0jS1pXCx2hPVkgo2m4prvtTaD16ftuRtBmAviuuD6ePrUCnAsNpabMP5NRnKqqCkAl/,0668803312,كاينة بطاطا حمرة كيرودة في تيارت لي خاصو مرحبا 0668803312
414,https://www.facebook.com/groups/1275668636117625/permalink/1769293026755181/,2022-08-06T06:51:38.000Z,عبد المؤمن قروي,https://www.facebook.com/azdin.garoui,0655842645,نحتاج كارطون البنان فارغ بالكونتيتي 0655842645
417,https://www.facebook.com/groups/1275668636117625/permalink/1768096833541467/,2022-08-04T14:24:06.000Z,Nabil Tik Tokar,https://www.facebook.com/people/Nabil-Tik-Tokar/pfbid02Z2dP4F942UnqXB8Ssqt7NF8CBejZDFLQzuhXKbCUHLGb1xw6ycE9bRkBAqiLmzG9l/,0791571495,سلام عليكم خوتي كاين جنان للبيع مساحته أكثر من 776 متر فيه كلش لي تحتاجوه ( الماء الضوء وخزان الماء وبيت وطريق وشباك يحوط على الأرض وكوتاكوت وجاية قبالت البحر ) لي باغي يخدم ويستثمر ويخرج أفضل منتوج مرحبابيه الأرض فيها مكان للغرس ومكان للأشجار وهي صالحة للبناء كوغطها مريڨليييين المكان ولايت تلمسان بلديت باب العسة ( جهة الغرب عامتا ) المهمتم يتصل 0791571495 نقبل تغيير بسيارة فخمة
418,https://www.facebook.com/groups/1275668636117625/permalink/1767986276885856/,2022-08-04T10:58:44.000Z,Amina Mimi,https://www.facebook.com/people/Amina-Mimi/pfbid02Si7rN6FQR4LwB8w68pBm8nGy9pbHz74311BazGiUrzK5NjbviVrJaXAqdssg1ZbTl/,0667064565,لي عندو طماطم يتصل كونتيتي 0667064565
421,https://www.facebook.com/groups/1275668636117625/permalink/1767274136957070/,2022-08-03T11:35:38.000Z,Møkhtàr Khà Yàté,https://www.facebook.com/habib.khayatayachi,0660418749,"كاين
 بصل للبيع 
رقم الهاتف 
0660418749
سعيدة"
422,https://www.facebook.com/groups/1275668636117625/permalink/1767159556968528/,2022-08-03T07:44:05.000Z,وليد الكحلة,https://www.facebook.com/people/%D9%88%D9%84%D9%8A%D8%AF-%D8%A7%D9%84%D9%83%D8%AD%D9%84%D8%A9/pfbid02i81Acvkj82DEaankB3TnfrNfj5eYAJpWeo1g2umxdq8XcvqQa3kuJ8Drcw62yQqPl/,0797691101,نشري كرطون تاع بنان بكونتيتي لعندو يتصل 0797691101
423,https://www.facebook.com/groups/1275668636117625/permalink/1766437197040764/,2022-08-02T08:34:27.000Z,بيرين ياسين,https://www.facebook.com/people/%D8%A8%D9%8A%D8%B1%D9%8A%D9%86-%D9%8A%D8%A7%D8%B3%D9%8A%D9%86/pfbid0u5cC1gDDfZNfdvSHate5vkWEfRYFDR3RbzmtUqE6hcGe32yKGi1DacxLMGT56Q9Rl/,0774768278,"سلام عليكم
كاين للارض البيع
فيها 125قطار وبناء ريفي وفوراج
عين وسارة ولاية الجلفة
رقم 0774768278"
424,https://www.facebook.com/groups/1275668636117625/permalink/1766045063746644/,2022-08-01T17:32:21.000Z,Sarah Sarita Princissa,https://www.facebook.com/sarahsarita.princissa,0554329559,"سلام عليكم راهي متوفرة 🦋سرفيات لاوات🦋
شديدة الامتصاص وبياض ناصع 💥💯💥
0554329559📞
0783191640☎️"
428,https://www.facebook.com/groups/1275668636117625/permalink/1764539673897183/,2022-07-30T15:20:16.000Z,Mohamed Houat,https://www.facebook.com/mohamed.houat.311,0661129701,"كاين بطيخ واجد حلو عسل للبيع 
0661129701   مغنية تلمسان
بيع ميزان  مرحبا بالجميع"
432,https://www.facebook.com/groups/1275668636117625/permalink/1762680040749813/,2022-07-28T02:41:36.000Z,Tahar Seghir,https://www.facebook.com/people/Tahar-Seghir/pfbid0kyEsi2D11xsKbPADThoTB77EHq1bUU9hZB1hk4NwW3RVUEAJWtNraefkGEzL1T7zl/,0669809199,السلام عليكم خاوتي لي عندو الخروب يابس يتواصل معايا راهي سومة شابة 0669809199
433,https://www.facebook.com/groups/1275668636117625/permalink/1762324297452054/,2022-07-27T14:30:13.000Z,Dattes Deglet Nour,https://www.facebook.com/dattes.degletnour.1238,0775351552,"سلام عليكم
دقلة نور في بوايط 1كغ و 500ع شمروخ
توصيل مضمون
المهتم يتصل 0775351552"
440,https://www.facebook.com/groups/1275668636117625/permalink/1760651360952681/,2022-07-25T05:47:47.000Z,Abderrahim Djelloul Rahim,https://www.facebook.com/abderhim.rahim.5,0799054193,"17 قنطار سلعة شابة جاية من الواد 
0799054193"
441,https://www.facebook.com/groups/1275668636117625/permalink/1760446640973153/,2022-07-24T21:07:08.000Z,Salim Salim,https://www.facebook.com/people/Salim-Salim/pfbid021GUKueGeHcy6HyKJi7Y4CaRMm6TCCEEXDPsthzApsGZCeA6VKzo7Jp1aiLBUuX6Jl/,0772812004,يخصنا لكرطون تاع لبنان لي عندو يتصل بيا 0772812004
444,https://www.facebook.com/groups/1275668636117625/permalink/1759881701029647/,2022-07-24T01:28:32.000Z,حسين صدام,https://www.facebook.com/people/%D8%AD%D8%B3%D9%8A%D9%86-%D8%B5%D8%AF%D8%A7%D9%85/pfbid0q9uQs7b81m6Lr4QNJsEQmW7hQTA4tBT3351nNZpqgxFiwmnTRizxngLMkL99NVxUl/,0673229159,سلام عليكم  كاين ارض فلاحيه صالحه لزراعه كل انواع. الخضر  مساحتها 25هكتار. لايوجد فيها ماء. عندنا رخصه الحفر. محتاجين واحد يشركنا في حفر بير او اثنين ويخدم معانا الفلاحه  رانا سيريو. لمن. يهمه. الامر. يتصل. 0673229159
445,https://www.facebook.com/groups/1275668636117625/permalink/1759723837712100/,2022-07-23T19:00:49.000Z,رميساء للخياطة سبدو تلمسان,https://www.facebook.com/people/%D8%B1%D9%85%D9%8A%D8%B3%D8%A7%D8%A1-%D9%84%D9%84%D8%AE%D9%8A%D8%A7%D8%B7%D8%A9-%D8%B3%D8%A8%D8%AF%D9%88-%D8%AA%D9%84%D9%85%D8%B3%D8%A7%D9%86/100068887376161/,0558510057,كاين لوبية بيع بالجملة المكان في نواحي سبدو 0558510057
447,https://www.facebook.com/groups/1275668636117625/permalink/1759484324402718/,2022-07-23T12:09:37.000Z,Mõh Amēd Bn,https://www.facebook.com/billel.madrid.393,0552231287,"كاين تمر لي باغي يسرجي مرحبا 
0552231287"
448,https://www.facebook.com/groups/1275668636117625/permalink/1759026907781793/,2022-07-22T19:38:26.000Z,Abdelkader Smain,https://www.facebook.com/aymen.usto.1,0657593999,Jinbei diesel 0657593999
450,https://www.facebook.com/groups/1275668636117625/permalink/1759001081117709/,2022-07-22T18:46:28.000Z,محمد محمد,https://www.facebook.com/diamantnoir.ferage,0542742804,"سلام عليكم رانا في تيغنيف عندنا ثوم حمرة عربية حارة تاع مدية مرحبابيكم خوتي ,0542742804 الشاري يتصل وكاينة في بلعباس"
451,https://www.facebook.com/groups/1275668636117625/permalink/1758700964481054/,2022-07-22T10:00:18.000Z,Massinissa Yuba,,0777154741,"كاميو مقيوم من كل شي نقي ياسر 
روح تخدم ديراكت
عيطو لمولاه خاطيني 0777154741"
457,https://www.facebook.com/groups/1275668636117625/permalink/1756623788022105/,2022-07-19T14:38:42.000Z,Kelouche Abderrahmaine Abdou,https://www.facebook.com/abdou.kelouche.8,0556004618,"ثوم احمر بوري 20 قنطار 
0556004618"
459,https://www.facebook.com/groups/1275668636117625/permalink/1755766118107872/,2022-07-18T09:25:41.000Z,Zardal Zardal,https://www.facebook.com/zardal.zardal.1,0794503008,"نشري طماطم تاع الوزين 
نورالدين 0794503008"
461,https://www.facebook.com/groups/1275668636117625/permalink/1755351204816030/,2022-07-17T17:58:53.000Z,Dahmane Bounoua Hafid,https://www.facebook.com/people/Dahmane-Bounoua-Hafid/pfbid02mTJgBedpLXqYpv3axGyw21cGuSe83gXvf4Mt3S3vfjavTFWKnwooEK4zRZ3MBsuzl/,0778773236,"كاين حوالي 100 شكارة خبز يابس
حاجه نقية ...للمهتمين فقط الاتصال بالرقم
0778773236"
462,https://www.facebook.com/groups/1275668636117625/permalink/1755296124821538/,2022-07-17T16:20:44.000Z,Yasser Merabet,https://www.facebook.com/people/Yasser-Merabet/pfbid0v9gSnZ41FJKXUctBRGMJgc1X1CiSpTjEmpD8XPqcDgcgKZRP5cmrptcyCQYPehrl/,0657862883,سلام خاوتي خصني خدمة هنا في معسكر نبكر صباح نخدم بطاطا دلاع لي كاين 0657862883
470,https://www.facebook.com/groups/1275668636117625/permalink/1752313241786493/,2022-07-13T21:35:32.000Z,اسلام محمد,https://www.facebook.com/people/%D8%A7%D8%B3%D9%84%D8%A7%D9%85-%D9%85%D8%AD%D9%85%D8%AF/pfbid0hhehixM9XZ1RW2tDrvN3qWYXBfMmLZX87gajLTgdQmvjR2Lwci4vPu12RSw1oPgpl/,0660411763,عندي بصل 3 هكتار واجدة في سعيدة 0660411763
473,https://www.facebook.com/groups/1275668636117625/permalink/1751849121832905/,2022-07-13T08:22:05.000Z,Menouer Derrouiche,https://www.facebook.com/menouer.derrouiche.9,0664403854,150قنطار من الحمص رقم 8 . رقم الهاتف 0664403854
475,https://www.facebook.com/groups/1275668636117625/permalink/1748142415536909/,2022-07-08T11:10:13.000Z,Oussama Maiza,https://www.facebook.com/oussama.mai.7,0781380452,"سلعة ما شاء الله
0781380452"
476,https://www.facebook.com/groups/1275668636117625/permalink/1744948659189618/,2022-07-04T00:41:10.000Z,الجزائر  DZ  بلد الخير,https://www.facebook.com/people/%D8%A7%D9%84%D8%AC%D8%B2%D8%A7%D8%A6%D8%B1-DZ-%D8%A8%D9%84%D8%AF-%D8%A7%D9%84%D8%AE%D9%8A%D8%B1/100047284642671/,0666803219,"❤#برطجي اخي اختي
#الله_أكبر_ولله_الحمد🥲🥲🙏🤲

✅✅✅#العدد_وصل_ل107_أضحية🐏🐏🐑🐑🐑✅✅

✅ #مشروع_100_أضحية_لليتيم_والأرملة_والمحتاج 🐑🐏

قد #تحول وأصبح #مشروع_150_أضحية🥰🐏🐑
 
#قال تعالى : ﴿#لَنْ يَنَالَ اللَّهَ لُحُومُهَا وَلَا دِمَاؤُهَا وَلَكِنْ يَنَالُهُ التَّقْوَى مِنْكُمْ كَذَلِكَ سَخَّرَهَا لَكُمْ #لِتُكَبِّرُوا اللَّهَ عَلَى مَا هَدَاكُمْ وَبَشِّرِ الْمُحْسِنِينَ﴾.
🌸إجعلها لك صدقة و لهم فرحة.
🌸الصدقة تُبعد البلاء و تشفي المريض.
🌸نتقرب بالصدقه إلى الله و نُخلص النية ليرفع عنا البلاء.
🌸ما نقص مال من صدقة . 
         #نحن_وإياكم_نرعاهم.

🔴🔴 رانا نستناو في تبرعاتكم يا أهل الخير والجود والكرم، كل بمقدوره واستطاعته.

لتقديم يد العون يرجى الاتصال بالصفحة أو بالأرقام التالية:
✅ ☎️0666803219

#Rip: 007 99999 0005731764 07

        ♥️🤝 #قوتنا_في_اتحادنا_وتضامننا🤝♥️"
477,https://www.facebook.com/groups/1275668636117625/permalink/1744553509229133/,2022-07-03T11:11:08.000Z,Moha Moh,https://www.facebook.com/people/Moha-Moh/pfbid0evnSrRd83HE2bPLz6SZqmb4zM88m3CW732Bp4h9xt9D8zinVZ2pnePHtWqVhroZKl/,0672403727,للببع جملة 0672403727
478,https://www.facebook.com/groups/1275668636117625/permalink/1738567809827703/,2022-06-25T20:06:42.000Z,حساب للعمل,https://www.facebook.com/adel.tlm.9849,0673977879,"بوطي ومحرك 40 2020 للبيع في تلمسان 
رقم 0673977879"
483,https://www.facebook.com/groups/1275668636117625/permalink/1728777297473421/,2022-06-12T20:56:06.000Z,Abdel Nasser Abdel Nasser,https://www.facebook.com/people/Abdel-Nasser-Abdel-Nasser/pfbid0C1QattBH924QfhEPAoWcb1BNfAimB5pHAA7kDYxtkiunKVdEuN8WJQwmwLWdmtV7l/,0799951685,"كاين زرودية للبيع نبيعها واقفة لي مهتم يتاصل 0799951685
كاين ربع قطار مسقي وربع بعلي"
486,https://www.facebook.com/groups/1275668636117625/permalink/1722365288114622/,2022-06-04T11:33:46.000Z,امين ياسين,https://www.facebook.com/people/%D8%A7%D9%85%D9%8A%D9%86-%D9%8A%D8%A7%D8%B3%D9%8A%D9%86/pfbid0NnxobmJLqi6NMX77dQrHR16jMyEuHp49CKGqtNQsBT8Y1D8YByhzudMVsfkQ75cHl/,0675070302,بياس تلمسان 505.  0675070302
489,https://www.facebook.com/groups/1275668636117625/permalink/1714876048863546/,2022-05-25T19:30:56.000Z,Yacine Sellami,,0697443431,شاحنة للنقل كل المسافات 90ق 0697443431
490,https://www.facebook.com/groups/1275668636117625/permalink/1713333915684426/,2022-05-23T18:46:14.000Z,Youcef Bettouati,https://www.facebook.com/youcef.bettouati,0778838527,سلام عليكم كاين بطاطا سبونتا بيضاء حوالي 75 قنطار حبة وحدة  في مستغانم شاري يعيط مرحبا  0778838527
497,https://www.facebook.com/groups/1275668636117625/permalink/1708502749500876/,2022-05-17T16:49:00.000Z,Jalil Dígã,https://www.facebook.com/jalal.eleulma.5,0770137378,نقل البضائع 58 ولاية بي أسعار معقولة 0770137378
498,https://www.facebook.com/groups/1275668636117625/permalink/1707703326247485/,2022-05-16T15:37:05.000Z,فريد حوفاف,https://www.facebook.com/people/%D9%81%D8%B1%D9%8A%D8%AF-%D8%AD%D9%88%D9%81%D8%A7%D9%81/pfbid036zMrnL1aAvZ82m7rn77MhFDuWcSr6vZrV9vdmNkeJjvEnJLujPeoT31HLSVGYxWkl/,0783029695,"كرطونة 2 كلغ
0783029695"
500,https://www.facebook.com/groups/1275668636117625/permalink/1706321856385632/,2022-05-14T20:09:21.000Z,Karim King,https://www.facebook.com/almarboun.hossam,0676039322,وكاين 300قنطار تمر من يهمه لأمر يتصل 0676039322
507,https://www.facebook.com/groups/1275668636117625/permalink/1703548753329609/,2022-05-11T09:07:09.000Z,ب.محمد للخدمات العقارية,https://www.facebook.com/people/%D8%A8%D9%85%D8%AD%D9%85%D8%AF-%D9%84%D9%84%D8%AE%D8%AF%D9%85%D8%A7%D8%AA-%D8%A7%D9%84%D8%B9%D9%82%D8%A7%D8%B1%D9%8A%D8%A9/pfbid02AwNhzYb8PffCZEWnn6dzdLgoMkiUunQefN6AdmKdRTNZmZ5WkRruMHnkbfnd5c6Zl/,0668085329,"تعرض الوكالة عن كمية من البنان (20الف طن )بسعر 27500دج
المهتم يتصل على الارقام 0668085329-0779042524-0557041630"
508,https://www.facebook.com/groups/1275668636117625/permalink/1701568533527631/,2022-05-08T17:07:08.000Z,Ossama BenAhamad,https://www.facebook.com/people/Ossama-BenAhamad/pfbid0waJzEDEbkjvMtrQMocz85N6p5xkU7UxRKW6rwpgRg1F7Nur9Zudd9myGwXB9JCoCl/,0665222975,ليخصوا الحديد ولا سيما تاع زهانة يعيطلي 0665222975
512,https://www.facebook.com/groups/1275668636117625/permalink/1700947380256413/,2022-05-07T20:51:12.000Z,Ossama BenAhamad,https://www.facebook.com/people/Ossama-BenAhamad/pfbid0waJzEDEbkjvMtrQMocz85N6p5xkU7UxRKW6rwpgRg1F7Nur9Zudd9myGwXB9JCoCl/,0793530144,ليخصوا الحديد يعيطلي 0793530144
513,https://www.facebook.com/groups/1275668636117625/permalink/1700645166953301/,2022-05-07T11:15:33.000Z,مربي الحمام,https://www.facebook.com/people/%D9%85%D8%B1%D8%A8%D9%8A-%D8%A7%D9%84%D8%AD%D9%85%D8%A7%D9%85/100062931258973/,0561686762,"متوفر مساحة معتبرة من القسبر (الكزبرة) اللي مهتم يتصل 
0561686762"
514,https://www.facebook.com/groups/1275668636117625/permalink/1699274990423652/,2022-05-05T12:34:57.000Z,Nas Ro,,0668281581,متريال خضر و فواكه للبيع وهران قديل وهران 0668281581
517,https://www.facebook.com/groups/1275668636117625/permalink/1696063060744845/,2022-05-01T06:06:31.000Z,Yahya Td,https://www.facebook.com/yahya.td.94,0792762852,"🔴🔴🤑🤑🇩🇿🇩🇿متوفر ل 58 ولاية🇩🇿🇩🇿🤑🔴🔴
 ✅ شراء نقاط سويت كوين بأفضل الاسعار 🏃‍♂️🎊💰
✅ التعامل معنا عبر الخاص او اتصل في 0792762852 /  0673226140 📞
متواجد 24/24🕐🟣
🟣 طرق الدفع لدينا :
🔹️ فليكسي جميع الشبكات 📲
🔹️ في CCP مباشر 💰
🔹️ بريدي موب 💳
🔹️ بايسيرا 💳
🔹️ بايبال 💳
🔹️ بايير 📲
بالنسبة لي مزال محملوش مزال الوقت باه يلحقو هذا رابط التحميل https://sweatco.in/hi/monsefzerrouki2002 Check out this free app — It Pays to Walk 🚶
✅ مرحبا بالجميع ❤👋👋"
518,https://www.facebook.com/groups/1275668636117625/permalink/1695300074154477/,2022-04-30T04:02:24.000Z,Fares Bou,,0560218379,"مؤسسة Bpi لصناعة  مواد التعبئة البلاستكية .جيجل 
Ets ""Bpi "" fabrication emballage en plastique jijel .
👉📞0560218379    7/7j 🗑️ 24/24 H 👌"
522,https://www.facebook.com/groups/1275668636117625/permalink/1693605524323932/,2022-04-27T23:39:25.000Z,Raouf Nouveautés,,0798666605,"سلام عليكم
عندي البيطراف تاع الزربوط راني في العامرية نبيع جملةمرحبا بيكم
0798666605"
523,https://www.facebook.com/groups/1275668636117625/permalink/1691423371208814/,2022-04-25T01:25:16.000Z,Noureddine Thm,https://www.facebook.com/people/Noureddine-Thm/pfbid02uRvKBPLEkJpYyBqghdKNdDnsS22VNdUTTKH2NZ1LMxhMC6Rw6BAKcx8yyvd36geal/,0772466835,بيع وتركيب الميزانات الهاتف  : 0772466835
524,https://www.facebook.com/groups/1275668636117625/permalink/1691394084545076/,2022-04-25T00:18:20.000Z,Wael Bouhitem,https://www.facebook.com/wael.bouhitem.1,0674321621,"متوفر 2 بيوت هكتار دلاع بارا حلو مشاء الله احمر 
المكان بسكرة بلدية مزيرعة 
البيع بلوك او بالميزان كمية كبيرة
0674321621 رقم الهاتف"
525,https://www.facebook.com/groups/1275668636117625/permalink/1690632547954563/,2022-04-23T22:41:08.000Z,صلاح الدين,https://www.facebook.com/people/%D8%B5%D9%84%D8%A7%D8%AD-%D8%A7%D9%84%D8%AF%D9%8A%D9%86/pfbid0JMfV9WnRSRFmkG1beNrRmkZfmxadWKfZY6VdJvKzz7ZiqaazPqePNzu3ZTAvQxvVl/,0662606851,"الإخوة التجار مرحبا بكم الدلاع رآه متوفر في بلدية طلمين ولاية تيميمون عند جباري الصالح السومة 6 ألاف 
رقم الهاتف 0662606851"
526,https://www.facebook.com/groups/1275668636117625/permalink/1689860814698403/,2022-04-22T19:50:18.000Z,Abdelhafid Ben,https://www.facebook.com/hafid.ben.330,0795343041,75 كلغ واجدة تقريبا 0795343041 عمي موسى غليزان
529,https://www.facebook.com/groups/1275668636117625/permalink/1689225631428588/,2022-04-21T22:05:40.000Z,Bį Lål,https://www.facebook.com/sidali.stmboli,0562216428,"السلام عليكم نشري ديشي تع البيفيسي بسعر مناسب المهتم يتصل 
رقم الهاتف 0562216428"
531,https://www.facebook.com/groups/1275668636117625/permalink/1687119911639160/,2022-04-18T21:53:20.000Z,Hicham Dot Kom,https://www.facebook.com/people/Hicham-Dot-Kom/100057547496197/,0771400690,"بيع أنتيشوك بلجملة دير لافير وعمر حنوتك سوما لافير وتساب فيبر 0771400690📞 البيع بلجملة فقط سعر القطعة130دج تلطشنلف للحبة خدمت التوصيل متوفرة الدفع عند الإستلام ✔✔تباع الكمية إبتداء من 50 حبة 😍😍 فيها هذو الأرقام 👇👇
https://www.facebook.com/بيع-اكسسوارات-الهاتف-بلجملة-فقط-توصيل-58-ولاية-108710268442342/    فيها هاذو الأرقام 👇👇 
SamsunG
 👉A01 M01 A01CORE M01COR A02S A10S A11 M11 A20 A30 A20S A21 A21S A30S A50  A50S A31 A324G A3CORE A41 A524G A70 A71 J4PRIME J4+ M10S M31S M40S A51 M51 NOTE10 NOTE20 NOTE2ULTRA S11 S11+S11ULTRA
🤩OPPO
👉A11K A12 A5S F9 A31 A32 A3S A52 A53 A92 A93 94 F11 RENO RENO02 RENO2F RENO 02Z RENO03 5G RENI 3 A91 RENO 04 RENO 05
🤩REDMi
👉NOTE10 2021 😉NOTE10PRO 😉NOT7 😉NOT8😉 NOT9 😉NOT 94G😉 NOTE 9 PRIEM NOT 9😉 PRIME NOTE 9 PRO😉 REDMI 9S MAX💯POCO C3 POCO X3NFC  REDMI 9C REDMI K30 PR
IPHON
👉IPH 11😊 IP 11PRO😉 IPH 11PROMAX 🙃IPH 12 IPH 12 PRO 🙂MAX IPH 12
IHP12PRO😄 IPH 12 MINI 💯IPH12 PROMAX 6.7😊 IPH 5 IPH 5S🙂 IPH 6 🙃6S😉 IPH6+😄IPH 7 IPH XS 😄IPH XR😁 IPH X MAX💯
HWAWI
👉ONEPLUS N100🙂 HWA HONO8X🙂 HWAMAT20 PRO🙂 HWA NOVA 7🙂 NOVA 7i🙂 NOVA 7SE🙂 HWA P30🙂 HWA P3 PRO🙃 HWA P40 🙃HWA P40 LITE 😗P40 PRO🙃 HWA P SMART 2019🙃 HWA P SMART 2020 🙂HWA 😘Y5P Y6P😘 Y7 😘2019 😗Y7P😉 Y8P🤩 Y8S🙃 Y9 2019😉 Y9 PRIEM Y 9S HONR9XPRO🤩🤩 
NOKIA 🤩C1😘 C2 😊"
533,https://www.facebook.com/groups/1275668636117625/permalink/1683465708671247/,2022-04-13T19:58:52.000Z,منيش لاتي,https://www.facebook.com/people/%D9%85%D9%86%D9%8A%D8%B4-%D9%84%D8%A7%D8%AA%D9%8A/pfbid0gdHuaU2wGUCGTfdD31m2dDJSMGpwmxqzpv1qhh2RbPq2u5pBbiFUNwQTW4x7gL1Jl/,0699308500,كاين  150 سلة تاع فريزة ( زريو) في تيارت 0699308500
534,https://www.facebook.com/groups/1275668636117625/permalink/1683382662012885/,2022-04-13T16:54:19.000Z,Abou Noufel,https://www.facebook.com/abou.noufel,0771407405,سلام عليكم ورحمة الله وبركاته كاين قطار زرودية للبيع في بئرتوتة لتوشون لمهتم يتصل 0771407405
535,https://www.facebook.com/groups/1275668636117625/permalink/1683033892047762/,2022-04-13T07:08:24.000Z,فؤاد عطاف,https://www.facebook.com/people/%D9%81%D8%A4%D8%A7%D8%AF-%D8%B9%D8%B7%D8%A7%D9%81/pfbid02VQQ6bLuzkabjg4YTBqaBCN4CT6vrojRFrC7pGgMxtc5dVvgUvh2Svk16KazgbYALl/,0661724357,300 قنطار شمروخ في ليوة 0661724357
536,https://www.facebook.com/groups/1275668636117625/permalink/1681682688849549/,2022-04-11T11:12:28.000Z,Kimo Ardjani,https://www.facebook.com/kimo.ardjani,0697526319,سلام عليكم تمر نتاع بسكرة حاجة شابة سومة طرية 0697526319
537,https://www.facebook.com/groups/1275668636117625/permalink/1679901702360981/,2022-04-09T04:07:20.000Z,Abdrahmen Mosta,https://www.facebook.com/abdrahmen.mosta.14,0668925793,"عندي هكتار لفت للبيع 
بمستغانم
0668925793
0668925793"
538,https://www.facebook.com/groups/1275668636117625/permalink/1679727045711780/,2022-04-08T21:28:19.000Z,Djilali Talbi,https://www.facebook.com/people/Djilali-Talbi/pfbid0CeRsfb2sreqqB6i4m7kG4UQJpBGLJwdgQSeFDooxk7Vxqc45QqACpU4vk7n2LCqUl/,0771702293,"سلام عليكم 
راني طالع ضوك بإذن الله من شلف لمستغانم وراجع فارغ لي يحتاج نجيبلو معايا كاش كولي ول قش يتصل بيا 0771702293"
540,https://www.facebook.com/groups/1275668636117625/permalink/1679582742392877/,2022-04-08T16:29:25.000Z,Yassine Bel,,0798971031,"عندي dfm لي خاصو نقل، توصيل أنا في الخدمة
رقم الهاتف: 0798971031"
541,https://www.facebook.com/groups/1275668636117625/permalink/1678231555861329/,2022-04-06T19:07:11.000Z,Moh Milan,https://www.facebook.com/moh.milan.3939,0791932989,صح فطوركم لحباب عندي موتر جمباك 15و جينتريس15كفيا للبيع مهتم يتصل 0791932989
